"","Activity Type","Date","Favorite","Title","Distance","Calories","Time","Avg HR","Max HR","Aerobic TE","Avg Run Cadence","Max Run Cadence",Avg_Pace,"Best Pace","Elev Gain","Elev Loss","Avg Stride Length","Avg Vertical Ratio","Avg Vertical Oscillation","Avg Ground Contact Time","Avg GCT Balance","Training Stress ScoreÂ®","Grit","Flow","Climb Time","Bottom Time","Min Temp","Surface Interval","Decompression","Best Lap Time","Number of Laps","Max Temp","date","avgpace"
"1","Running","12/11/20 11:59",FALSE,"Linn County - W13D4-Intervals",3.01,352,00:30:48,174,187,3.9,166,192,10:15:00,09:01:00,"--","3",0.95,8.8,8.5,"271","50.2% L / 49.8% R",0,"0",0,NA,00:00:00,0,00:00:00,"No",00:48:00,12,0,2020-12-11 11:59:00,36900
"2","Running","12/10/20 10:37",FALSE,"Linn County - W13D3-Easy Run",3,281,00:34:14,133,156,2.3,157,183,11:25:00,09:01:00,"3","3",0.9,0,0,"--","--",0,"0",0,NA,00:00:00,0,00:00:00,"No",04:14:00,4,0,2020-12-10 10:37:00,41100
"3","Running","12/9/20 13:32",FALSE,"Linn County - W13D2-Threshold Run",4.17,479,00:45:01,163,183,3.8,160,233,10:48:00,08:47:00,"6","6",0.93,0,0,"--","--",0,"0",0,NA,00:00:00,0,00:00:00,"No",00:01:00,7,0,2020-12-09 13:32:00,38880
"4","Running","12/8/20 13:33",FALSE,"Linn County - W12D7-Long Run",5.11,605,01:00:02,155,171,3.5,151,195,11:45:00,09:01:00,"20","20",0.91,0,0,"--","--",0,"0",0,01:00:02,00:00:00,0,00:00:00,"No",00:02:00,7,0,2020-12-08 13:33:00,42300
"5","Running","12/7/20 13:45",FALSE,"Lincoln County - W12D6-Fartlek",4.34,474,00:45:04,156,182,3.7,160,175,10:24:00,08:57:00,"32","65",0.97,0,0,"--","--",0,"0",0,NA,00:00:00,0,00:00:00,"No",00:04:00,6,0,2020-12-07 13:45:00,37440
"6","Running","12/4/20 12:07",FALSE,"Linn County - W12D4-Easy Run",3.11,357,00:35:55,151,174,2.9,155,169,11:33:00,07:54:00,"2","5",0.9,0,0,"--","--",0,"0",0,NA,00:00:00,0,00:00:00,"No",05:54:00,4,0,2020-12-04 12:07:00,41580
"7","Running","12/3/20 11:54",FALSE,"Linn County - W12D3-Intervals",4.01,352,00:40:49,140,165,2.8,163,183,10:11:00,08:36:00,"17","17",0.96,0,0,"--","--",0,"0",0,NA,00:00:00,0,00:00:00,"No",00:49:00,12,0,2020-12-03 11:54:00,36660
"8","Running","12/2/20 9:34",FALSE,"Linn County - W12D2a-Easy Run",3.01,331,00:31:53,159,182,3.4,159,175,10:35:00,09:15:00,"9","12",0.96,0,0,"--","--",0,"0",0,NA,00:00:00,0,00:00:00,"No",01:53:00,4,0,2020-12-02 09:34:00,38100
"9","Running","11/30/20 14:50",FALSE,"Lincoln County - W11D6a-Recovery Run",2.73,290,00:30:02,153,181,3,157,183,11:00:00,07:56:00,"11","43",0.93,0,0,"--","--",0,"0",0,NA,00:00:00,0,00:00:00,"No",00:01:00,4,0,2020-11-30 14:50:00,39600
"10","Running","11/29/20 10:46",FALSE,"Lincoln County - W11D7-Long Run",10.35,1117,02:00:02,156,181,3.4,154,169,11:36:00,08:11:00,"435","438",0.9,0,0,"--","--",0,"0",0,02:00:02,00:00:00,0,00:00:00,"No",00:02:00,12,0,2020-11-29 10:46:00,41760
"11","Running","11/28/20 13:40",FALSE,"Lincoln County - W11D5-Intervals",3.27,334,00:34:01,153,180,3.2,164,175,10:23:00,09:16:00,"116","176",0.95,0,0,"--","--",0,"0",0,NA,00:00:00,0,00:00:00,"No",00:01:00,7,0,2020-11-28 13:40:00,37380
"12","Running","11/26/20 10:23",FALSE,"Lincoln County - W11D3-Threshold Run",4.03,435,00:40:03,167,189,4.1,164,250,09:57:00,07:10:00,"49","69",0.98,0,0,"--","--",0,"0",0,NA,00:00:00,0,00:00:00,"No",00:03:00,6,0,2020-11-26 10:23:00,35820
"13","Running","11/25/20 15:48",FALSE,"Linn County - W11D2-Easy Run",3.55,402,00:40:02,156,182,3.5,156,175,11:17:00,06:58:00,"17","17",0.91,0,0,"--","--",0,"0",0,NA,00:00:00,0,00:00:00,"No",00:01:00,5,0,2020-11-25 15:48:00,40620
"14","Running","11/23/20 11:53",FALSE,"Lincoln County - W10D7-Long Run",9.1,1047,01:45:03,157,180,4.2,153,236,11:33:00,07:03:00,"226","230",0.91,0,0,"--","--",0,"0",0,01:45:03,00:00:00,0,00:00:00,"No",00:03:00,11,0,2020-11-23 11:53:00,41580
"15","Running","11/22/20 9:44",FALSE,"Lincoln County - W10D6-Intervals",4.56,403,00:46:01,144,182,3.2,163,180,10:06:00,08:20:00,"47","79",0.97,0,0,"--","--",0,"0",0,NA,00:00:00,0,00:00:00,"No",00:00:00,11,0,2020-11-22 09:44:00,36360
"16","Running","11/19/20 16:02",FALSE,"Linn County - W10D3-Intervals",3.61,403,00:40:03,162,188,3.7,156,170,11:05:00,09:31:00,"13","13",0.92,0,0,"--","--",0,"0",0,NA,00:00:00,0,00:00:00,"No",00:03:00,12,0,2020-11-19 16:02:00,39900
"17","Running","11/18/20 13:38",FALSE,"Linn County - W10D2-Easy Run",3.01,327,00:33:25,157,184,3.3,157,232,11:06:00,09:18:00,"22","22",0.92,0,0,"--","--",0,"0",0,NA,00:00:00,0,00:00:00,"No",03:25:00,4,0,2020-11-18 13:38:00,39960
"18","Running","11/17/20 13:31",FALSE,"Linn County - W09D6-Fartlek",4.08,451,00:45:04,161,185,3.8,158,178,11:03:00,08:43:00,"16","16",0.92,0,0,"--","--",0,"0",0,NA,00:00:00,0,00:00:00,"No",00:03:00,6,0,2020-11-17 13:31:00,39780
"19","Running","11/15/20 9:34",FALSE,"Lincoln County - W09D4a-Easy Run",3.01,155,00:31:10,109,120,1.2,163,173,10:22:00,09:04:00,"48","50",0.95,0,0,"--","--",0,"0",0,NA,00:00:00,0,00:00:00,"No",01:10:00,4,0,2020-11-15 09:34:00,37320
"20","Running","11/14/20 11:34",FALSE,"Linn County - W09D3-Intervals",3.61,363,00:40:59,148,188,3.3,155,171,11:22:00,09:49:00,"17","18",0.91,0,0,"--","--",0,"0",0,NA,00:00:00,0,00:00:00,"No",00:59:00,8,0,2020-11-14 11:34:00,40920
"21","Running","11/13/20 9:20",FALSE,"Linn County - W09D7-Long Run",8.01,857,01:34:54,162,180,3.9,153,167,11:51:00,09:47:00,"34","34",0.89,0,0,"--","--",0,"0",0,01:34:54,00:00:00,0,00:00:00,"No",04:54:00,9,0,2020-11-13 09:20:00,42660
"22","Running","11/11/20 14:24",FALSE,"Linn County - W09D2a-Easy Run",3.71,413,00:42:43,158,176,3.6,154,175,11:31:00,10:05:00,"12","20",0.91,0,0,"--","--",0,"0",0,NA,00:00:00,0,00:00:00,"No",02:42:00,5,0,2020-11-11 14:24:00,41460
"23","Running","11/10/20 13:38",FALSE,"Linn County - W08D7-10K Race",6.22,703,01:05:31,171,192,5,161,172,10:32:00,08:52:00,"23","23",0.95,0,0,"--","--",0,"0",0,01:05:31,00:00:00,0,00:00:00,"No",02:22:00,7,0,2020-11-10 13:38:00,37920
"24","Running","11/9/20 9:09",FALSE,"Lincoln County - W08D6-Easy Run",2.01,216,00:23:09,152,176,2.9,154,168,11:31:00,09:16:00,"42","47",0.91,0,0,"--","--",0,"0",0,23:09:00,00:00:00,0,00:00:00,"No",03:08:00,3,0,2020-11-09 09:09:00,41460
"25","Running","11/7/20 8:36",FALSE,"Linn County - W08D4-Threshold Run",2.61,298,00:31:22,159,175,3.1,152,168,12:02:00,09:59:00,"--","--",0.88,0,0,"--","--",0,"0",0,NA,00:00:00,0,00:00:00,"No",01:22:00,4,0,2020-11-07 08:36:00,43320
"26","Running","11/6/20 8:53",FALSE,"Linn County - W08D3-Easy Run",3.01,343,00:36:50,153,174,3.1,150,168,12:14:00,10:16:00,"3","3",0.87,0,0,"--","--",0,"0",0,NA,00:00:00,0,00:00:00,"No",05:36:00,4,0,2020-11-06 08:53:00,44040
"27","Running","11/5/20 10:01",FALSE,"Linn County - W08D2-Intervals",3.01,293,00:34:18,144,172,3,155,173,11:23:00,09:06:00,"6","5",0.91,0,0,"--","--",0,"0",0,NA,00:00:00,0,00:00:00,"No",01:30:00,10,0,2020-11-05 10:01:00,40980
"28","Running","11/4/20 9:39",FALSE,"Linn County - W07D7-Long Run",7.51,837,01:33:10,157,189,3.9,149,175,12:24:00,09:01:00,"41","41",0.87,0,0,"--","--",0,"0",0,01:33:10,00:00:00,0,00:00:00,"No",03:09:00,9,0,2020-11-04 09:39:00,44640
"29","Running","11/2/20 14:17",FALSE,"Lincoln County - W07D6-Intervals",3.51,415,00:39:39,170,187,4.1,154,163,11:18:00,09:53:00,"51","55",0.92,0,0,"--","--",0,"0",0,NA,00:00:00,0,00:00:00,"No",01:00:00,10,0,2020-11-02 14:17:00,40680
"30","Running","10/31/20 11:20",FALSE,"Linn County - W07D4a-Easy Run",3.91,447,00:46:22,157,176,3.5,151,173,11:52:00,10:12:00,"17","17",0.9,0,0,"--","--",0,"0",0,NA,00:00:00,0,00:00:00,"No",04:21:00,5,0,2020-10-31 11:20:00,42720
"31","Running","10/30/20 11:07",FALSE,"Linn County - W07D3-Threshold Run",4.01,435,00:45:04,155,183,3.6,155,174,11:14:00,09:43:00,"12","12",0.92,0,0,"--","--",0,"0",0,NA,00:00:00,0,00:00:00,"No",00:03:00,7,0,2020-10-30 11:07:00,40440
"32","Running","10/29/20 15:38",FALSE,"Linn County - W07D2-Easy Run",3.51,388,00:39:28,158,180,3.5,156,170,11:14:00,09:35:00,"--","4",0.92,0,0,"--","--",0,"0",0,NA,00:00:00,0,00:00:00,"No",01:18:00,5,0,2020-10-29 15:38:00,40440
"33","Running","10/28/20 9:33",FALSE,"Linn County - W06D7-Long Run",8.01,873,01:36:09,157,182,3.7,152,172,12:00:00,09:37:00,"38","39",0.88,0,0,"--","--",0,"0",0,01:36:09,00:00:00,0,00:00:00,"No",05:19:00,9,0,2020-10-28 09:33:00,43200
"34","Running","10/27/20 10:31",FALSE,"Lincoln County - W06D6-Hills",4.01,439,00:42:24,165,186,4,160,173,10:35:00,08:46:00,"59","84",0.95,0,0,"--","--",0,"0",0,NA,00:00:00,0,00:00:00,"No",02:00:00,8,0,2020-10-27 10:31:00,38100
"35","Running","10/23/20 17:46",FALSE,"Linn County - W06D4a-Easy Run",4.04,445,00:48:46,148,175,3.2,151,184,12:04:00,08:59:00,"10","10",0.88,0,0,"--","--",0,"0",0,NA,00:00:00,0,00:00:00,"No",03:20:00,5,0,2020-10-23 17:46:00,43440
"36","Running","10/22/20 13:27",FALSE,"Linn County - W06D3-Intervals",3.52,313,00:38:02,141,172,3,161,179,10:48:00,09:11:00,"13","14",0.92,0,0,"--","--",0,"0",0,NA,00:00:00,0,00:00:00,"No",00:02:00,10,0,2020-10-22 13:27:00,38880
"37","Running","10/21/20 11:23",FALSE,"Linn County - W06D2-Easy Run",3.21,370,00:40:07,158,175,3.3,150,173,12:29:00,10:05:00,"6","9",0.86,0,0,"--","--",0,"0",0,NA,00:00:00,0,00:00:00,"No",04:28:00,4,0,2020-10-21 11:23:00,44940
"38","Running","10/20/20 11:00",FALSE,"Lincoln County - W05D7-Long Run",8.01,887,01:34:27,159,183,4.2,152,175,11:48:00,08:49:00,"192","195",0.9,0,0,"--","--",0,"0",0,01:34:27,00:00:00,0,00:00:00,"No",04:27:00,9,0,2020-10-20 11:00:00,42480
"39","Running","10/19/20 13:20",FALSE,"Lincoln County - W05D6-Hills",4.01,420,00:45:02,159,182,3.7,158,177,11:14:00,07:54:00,"250","262",0.9,0,0,"--","--",0,"0",0,NA,00:00:00,0,00:00:00,"No",02:00:00,8,0,2020-10-19 13:20:00,40440
"40","Running","10/16/20 11:25",FALSE,"Linn County - W05D4a-Easy Run",2.71,314,00:31:12,166,183,3.5,155,172,11:31:00,09:02:00,"1","3",0.9,0,0,"--","--",0,"0",0,NA,00:00:00,0,00:00:00,"No",01:11:00,4,0,2020-10-16 11:25:00,41460
"41","Running","10/15/20 15:33",FALSE,"Linn County - W05D3-Intervals",4.01,394,00:44:05,152,189,3.7,162,174,11:00:00,09:24:00,"19","19",0.9,0,0,"--","--",0,"0",0,NA,00:00:00,0,00:00:00,"No",01:00:00,14,0,2020-10-15 15:33:00,39600
"42","Running","10/14/20 10:41",FALSE,"Linn County - W05D2-Easy Run",2.91,325,00:34:38,158,174,3.2,153,167,11:55:00,09:08:00,"3","3",0.88,0,0,"--","--",0,"0",0,NA,00:00:00,0,00:00:00,"No",04:37:00,4,0,2020-10-14 10:41:00,42900
"43","Running","10/13/20 15:26",FALSE,"Linn County - W04D7-Long Run",4.01,454,00:45:24,163,186,4,158,170,11:20:00,09:35:00,"9","9",0.9,0,0,"--","--",0,"0",0,NA,00:00:00,0,00:00:00,"No",00:23:00,5,0,2020-10-13 15:26:00,40800
"44","Running","10/12/20 17:22",FALSE,"Linn County - W04D6-Fartlek",3.61,393,00:40:26,158,179,3.6,162,174,11:12:00,09:22:00,"17","17",0.89,0,0,"--","--",0,"0",0,NA,00:00:00,0,00:00:00,"No",00:26:00,5,0,2020-10-12 17:22:00,40320
"45","Running","10/9/20 11:19",FALSE,"Linn County - W04D4-Easy Run",3.01,333,00:36:23,153,173,3.2,153,177,12:06:00,09:53:00,"3","3",0.87,0,0,"--","--",0,"0",0,NA,00:00:00,0,00:00:00,"No",05:19:00,4,0,2020-10-09 11:19:00,43560
"46","Running","10/8/20 13:56",FALSE,"Linn County - W04D3-Intervals",3.51,384,00:39:10,163,193,3.9,158,175,11:10:00,09:18:00,"13","13",0.91,0,0,"--","--",0,"0",0,NA,00:00:00,0,00:00:00,"No",01:15:00,10,0,2020-10-08 13:56:00,40200
"47","Running","10/7/20 13:59",FALSE,"Linn County - W04D2-Easy Run",3.42,401,00:42:21,162,192,3.4,150,168,12:24:00,10:53:00,"13","12",0.87,0,0,"--","--",0,"0",0,NA,00:00:00,0,00:00:00,"No",02:20:00,5,0,2020-10-07 13:59:00,44640
"48","Running","10/6/20 10:43",FALSE,"Linn County - W03D7-Long Run",7.01,790,01:25:42,158,175,3.5,153,173,12:14:00,07:21:00,"24","28",0.86,0,0,"--","--",0,"0",0,01:25:42,00:00:00,0,00:00:00,"No",05:42:00,8,0,2020-10-06 10:43:00,44040
"49","Running","10/5/20 11:32",FALSE,"Lincoln County - W03D6-Hills",3.08,346,00:34:02,164,186,3.6,158,175,11:03:00,09:13:00,"95","132",0.92,0,0,"--","--",0,"0",0,NA,00:00:00,0,00:00:00,"No",00:02:00,8,0,2020-10-05 11:32:00,39780
"50","Running","10/2/20 10:22",FALSE,"Linn County - W03D4a-Easy Run",4.04,443,00:49:03,146,172,3.2,150,173,12:09:00,09:55:00,"12","12",0.88,0,0,"--","--",0,"0",0,NA,00:00:00,0,00:00:00,"No",04:03:00,5,0,2020-10-02 10:22:00,43740
"51","Running","10/1/20 9:01",FALSE,"Linn County - W03D3-Intervals",3.51,378,00:39:09,161,185,3.5,159,179,11:10:00,08:59:00,"11","11",0.9,0,0,"--","--",0,"0",0,NA,00:00:00,0,00:00:00,"No",01:30:00,10,0,2020-10-01 09:01:00,40200
"52","Running","9/30/20 9:29",FALSE,"Linn County - W03D2a-Easy Run",3.01,322,00:37:01,144,170,3.1,152,173,12:19:00,10:51:00,"15","15",0.86,0,0,"--","--",0,"0",0,NA,00:00:00,0,00:00:00,"No",05:20:00,4,0,2020-09-30 09:29:00,44340
"53","Running","9/29/20 9:43",FALSE,"Linn County - W02D7-Long Run",7.01,804,01:25:34,163,179,4.1,151,165,12:12:00,10:27:00,"26","26",0.87,0,0,"--","--",0,"0",0,01:25:34,00:00:00,0,00:00:00,"No",03:16:00,8,0,2020-09-29 09:43:00,43920
"54","Running","9/28/20 8:57",FALSE,"Lincoln County - W02D6-Hills",3.91,423,00:44:43,160,182,3.8,156,177,11:26:00,09:22:00,"214","209",0.9,0,0,"--","--",0,"0",0,NA,00:00:00,0,00:00:00,"No",00:01:00,11,0,2020-09-28 08:57:00,41160
"55","Running","9/25/20 9:38",FALSE,"Linn County - W02D4a-Easy Run",5.01,554,01:01:26,155,182,3.8,152,169,12:16:00,10:34:00,"30","30",0.86,0,0,"--","--",0,"0",0,01:01:26,00:00:00,0,00:00:00,"No",03:08:00,6,0,2020-09-25 09:38:00,44160
"56","Running","9/24/20 13:19",FALSE,"Linn County - W02D3-Intervals",4.05,420,00:44:48,161,180,3.9,158,176,11:04:00,09:16:00,"18","18",0.92,0,0,"--","--",0,"0",0,NA,00:00:00,0,00:00:00,"No",00:53:00,13,0,2020-09-24 13:19:00,39840
"57","Running","9/23/20 10:50",FALSE,"Linn County - W02D2-Easy Run",5.01,574,01:00:49,164,180,4,150,170,12:08:00,09:59:00,"18","18",0.89,0,0,"--","--",0,"0",0,01:00:49,00:00:00,0,00:00:00,"No",03:30:00,6,0,2020-09-23 10:50:00,43680
"58","Running","9/22/20 7:21",FALSE,"Linn County Running",2.52,283,00:32:43,147,170,3.1,148,173,12:58:00,10:25:00,"3","3",0.84,0,0,"--","--",0,"0",0,NA,00:00:00,0,00:00:00,"No",00:01:00,4,0,2020-09-22 07:21:00,46680
"59","Running","9/21/20 17:49",FALSE,"Linn County - W01D7-Long Run",6.01,678,01:10:17,163,184,4.8,153,165,11:42:00,10:03:00,"27","27",0.9,0,0,"--","--",0,"0",0,01:10:17,00:00:00,0,00:00:00,"No",01:31:00,7,0,2020-09-21 17:49:00,42120
"60","Running","9/20/20 18:11",FALSE,"Lincoln County - W01D6-Fartlek",2.54,277,00:28:17,163,185,3.6,156,169,11:08:00,08:41:00,"108","168",0.93,0,0,"--","--",0,"0",0,NA,00:00:00,0,00:00:00,"No",02:51:00,4,0,2020-09-20 18:11:00,40080
"61","Running","9/18/20 17:57",FALSE,"Linn County - W01D3-Steady Run",4.04,465,00:45:25,168,183,4.5,153,165,11:15:00,10:20:00,"19","19",0.94,0,0,"--","--",0,"0",0,NA,00:00:00,0,00:00:00,"No",00:03:00,7,0,2020-09-18 17:57:00,40500
"62","Treadmill Running","9/17/20 12:55",FALSE,"W01D2-Easy Run",3,376,00:36:03,170,186,4.1,150,171,12:01:00,08:47:00,"--","--",0.9,0,0,"--","--",0,"0",0,NA,00:00:00,0,00:00:00,"No",01:03:00,4,0,2020-09-17 12:55:00,43260
"63","Running","9/4/20 8:44",FALSE,"Linn County - W07D2a-Recovery Run",3,354,00:36:10,161,188,3.4,154,172,12:03:00,10:29:00,"3","7",0.87,0,0,"--","--",0,"0",0,NA,00:00:00,0,00:00:00,"No",05:30:00,4,0,2020-09-04 08:44:00,43380
"64","Running","9/2/20 7:34",FALSE,"Linn County - W06D6-Intervals",4,474,00:46:04,168,187,4,156,169,11:32:00,10:07:00,"12","12",0.89,0,0,"--","--",0,"0",0,NA,00:00:00,0,00:00:00,"No",01:30:00,8,0,2020-09-02 07:34:00,41520
"65","Running","8/28/20 10:15",FALSE,"Linn County - W06D4-Intervals",3.25,365,00:37:37,158,181,3.4,158,176,11:34:00,08:59:00,"5","5",0.88,0,0,"--","--",0,"0",0,NA,00:00:00,0,00:00:00,"No",00:07:00,13,0,2020-08-28 10:15:00,41640
"66","Running","8/27/20 20:44",FALSE,"Linn County - W06D3a-Recovery Run",2.62,271,00:30:02,144,162,3,160,174,11:27:00,09:55:00,"3","3",0.88,0,0,"--","--",0,"0",0,NA,00:00:00,0,00:00:00,"No",00:01:00,4,0,2020-08-27 20:44:00,41220
"67","Running","8/26/20 9:12",FALSE,"Linn County - W06D2-Intervals",4.5,517,00:50:54,165,188,4.3,159,173,11:18:00,09:24:00,"23","23",0.89,0,0,"--","--",0,"0",0,NA,00:00:00,0,00:00:00,"No",02:00:00,8,0,2020-08-26 09:12:00,40680
"68","Running","8/24/20 9:42",FALSE,"Lincoln County - W05D7-Long Run",8,842,01:32:26,162,184,3.7,156,231,11:33:00,08:13:00,"132","171",0.89,0,0,"--","--",0,"0",0,01:32:26,00:00:00,0,00:00:00,"No",02:25:00,9,0,2020-08-24 09:42:00,41580
"69","Running","8/21/20 11:31",FALSE,"Lincoln County - W05D6-Intervals",4.33,434,00:46:02,158,185,3.8,164,177,10:38:00,09:02:00,"67","93",0.92,0,0,"--","--",0,"0",0,NA,00:00:00,0,00:00:00,"No",00:01:00,14,0,2020-08-21 11:31:00,38280
"70","Running","8/20/20 9:02",FALSE,"Linn County - W05D3a-Recovery Run",2.7,295,00:32:30,149,180,3.2,154,174,12:03:00,10:14:00,"5","5",0.86,0,0,"--","--",0,"0",0,NA,00:00:00,0,00:00:00,"No",02:29:00,4,0,2020-08-20 09:02:00,43380
"71","Running","8/19/20 8:15",FALSE,"Linn County - W05D3a-Recovery Run",5.5,621,01:07:01,157,178,4,153,163,12:12:00,10:36:00,"23","26",0.86,0,0,"--","--",0,"0",0,01:07:01,00:00:00,0,00:00:00,"No",00:37:00,7,0,2020-08-19 08:15:00,43920
"72","Running","8/18/20 7:40",FALSE,"Linn County - W04D7-Long Run",6.21,681,01:20:37,149,171,3.4,149,164,12:59:00,11:01:00,"22","29",0.83,0,0,"--","--",0,"0",0,01:20:37,00:00:00,0,00:00:00,"No",00:03:00,8,0,2020-08-18 07:40:00,46740
"73","Running","8/17/20 17:10",FALSE,"Lincoln County - W05D2-Intervals",4.3,470,00:47:37,169,192,4.5,158,234,11:05:00,09:09:00,"38","69",0.92,0,0,"--","--",0,"0",0,NA,00:00:00,0,00:00:00,"No",00:07:00,12,0,2020-08-17 17:10:00,39900
"74","Running","8/13/20 8:50",FALSE,"Linn County - W04D6-Intervals",4.16,432,00:46:03,162,183,3.9,162,196,11:04:00,08:23:00,"15","15",0.9,9.7,8.8,"285","49.8% L / 50.2% R",0,"0",0,NA,00:00:00,0,00:00:00,"No",00:03:00,8,0,2020-08-13 08:50:00,39840
"75","Running","8/11/20 9:40",FALSE,"Linn County - W04D2-Intervals",4.04,450,00:45:02,170,189,4.7,160,182,11:09:00,07:26:00,"22","27",0.91,9.1,8.3,"305","49.7% L / 50.3% R",0,"0",0,NA,00:00:00,0,00:00:00,"No",00:02:00,9,0,2020-08-11 09:40:00,40140
"76","Running","8/10/20 10:48",FALSE,"Lincoln County - W04D3a-Recovery Run",2.52,275,00:30:04,159,176,3.3,153,171,11:57:00,06:51:00,"24","34",0.88,10.8,9.6,"321","49.8% L / 50.2% R",0,"0",0,NA,00:00:00,0,00:00:00,"No",00:04:00,4,0,2020-08-10 10:48:00,43020
"77","Running","8/9/20 19:26",FALSE,"Lincoln County - W04D4-Fartlek Run",6.21,685,01:10:43,170,184,4.8,157,240,11:23:00,08:56:00,"108","140",0.91,9.9,9.1,"309","49.2% L / 50.8% R",0,"0",0,01:10:43,00:00:00,0,00:00:00,"No",03:21:00,7,0,2020-08-09 19:26:00,40980
"78","Running","7/31/20 10:12",FALSE,"Lincoln County - W03D7-Long Run",9.19,969,01:45:04,162,179,4.8,158,183,11:26:00,09:13:00,"224","222",0.88,10.3,9.2,"300","49.0% L / 51.0% R",0,"0",0,01:45:04,00:00:00,0,00:00:00,"No",00:04:00,11,0,2020-07-31 10:12:00,41160
"79","Running","7/29/20 7:14",FALSE,"Linn County - W03D6-Intervals",4,416,00:42:26,170,188,4.5,163,179,10:37:00,09:11:00,"705","673",0.93,9.1,8.6,"282","49.0% L / 51.0% R",0,"0",0,NA,00:00:00,0,00:00:00,"No",00:12:00,8,0,2020-07-29 07:14:00,38220
"80","Running","7/28/20 9:04",FALSE,"Linn County - W03D4-Recovery Run",4,450,00:46:40,169,179,3.9,154,233,11:40:00,09:43:00,"722","728",0.9,9.4,8.6,"321","50.5% L / 49.5% R",0,"0",0,NA,00:00:00,0,00:00:00,"No",01:40:00,5,0,2020-07-28 09:04:00,42000
"81","Running","7/27/20 8:35",FALSE,"Lincoln County - W03D2-Intervals",4.04,442,00:42:35,176,192,5,162,181,10:32:00,09:04:00,"1,017","958",0.94,9.3,8.8,"286","49.3% L / 50.7% R",0,"0",0,NA,00:00:00,0,00:00:00,"No",00:04:00,12,0,2020-07-27 08:35:00,37920
"82","Running","7/24/20 9:25",FALSE,"Lincoln County - W02D7-Long Run",8,894,01:31:54,170,185,5,155,175,11:29:00,09:43:00,"1,680","1,627",0.9,10,9.1,"308","50.5% L / 49.5% R",0,"0",0,01:31:54,00:00:00,0,00:00:00,"No",01:53:00,9,0,2020-07-24 09:25:00,41340
"83","Running","7/23/20 7:52",FALSE,"Linn County - W02D6-Intervals",4.51,499,00:48:18,174,192,4.6,162,184,10:43:00,09:06:00,"1,027","879",0.93,8.9,8.5,"290","49.8% L / 50.2% R",0,"0",0,NA,00:00:00,0,00:00:00,"No",02:00:00,10,0,2020-07-23 07:52:00,38580
"84","Running","7/22/20 8:11",FALSE,"Linn County - W02D4b-Recovery Run",4,462,00:46:30,166,180,4.1,156,167,11:38:00,10:43:00,"26","26",0.88,9.7,8.7,"311","48.5% L / 51.5% R",0,"0",0,NA,00:00:00,0,00:00:00,"No",04:59:00,5,0,2020-07-22 08:11:00,41880
"85","Running","7/21/20 7:10",FALSE,"Linn County - W02D3-Intervals",4,469,00:45:27,172,186,4.1,157,186,11:22:00,09:11:00,"13","13",0.91,10,9.2,"296","49.2% L / 50.8% R",0,"0",0,NA,00:00:00,0,00:00:00,"No",01:30:00,10,0,2020-07-21 07:10:00,40920
"86","Running","7/20/20 9:18",FALSE,"Lincoln County - W02D2-Recovery Run",4.01,468,00:44:56,165,182,4,157,173,11:13:00,09:33:00,"63","94",0.91,10,9.2,"311","50.1% L / 49.9% R",0,"0",0,NA,00:00:00,0,00:00:00,"No",02:09:00,5,0,2020-07-20 09:18:00,40380
"87","Running","7/17/20 7:41",FALSE,"Linn County - W01D7-Long Run",7,784,01:22:15,154,178,3.8,155,172,11:45:00,09:25:00,"26","26",0.89,10.1,9.2,"311","49.0% L / 51.0% R",0,"0",0,01:22:15,00:00:00,0,00:00:00,"No",03:53:00,8,0,2020-07-17 07:41:00,42300
"88","Running","7/16/20 6:54",FALSE,"Linn County - W01D6-Fartlek Run",4.3,394,00:45:12,146,177,3.3,161,170,10:31:00,09:47:00,"19","19",0.95,0,0,"--","--",0,"0",0,NA,00:00:00,0,00:00:00,"No",00:11:00,6,0,2020-07-16 06:54:00,37860
"89","Running","7/15/20 7:23",FALSE,"Lincoln County - W01D3-Intervals",4,422,00:41:45,168,187,4.1,162,177,10:26:00,08:59:00,"35","67",0.95,0,0,"--","--",0,"0",0,NA,00:00:00,0,00:00:00,"No",01:30:00,10,0,2020-07-15 07:23:00,37560
"90","Running","7/14/20 8:26",FALSE,"Linn County - W01D2-Easy Run",4,452,00:46:35,160,177,3.7,154,173,11:38:00,10:01:00,"22","22",0.9,0,0,"--","--",0,"0",0,NA,00:00:00,0,00:00:00,"No",04:56:00,5,0,2020-07-14 08:26:00,41880
"91","Running","7/13/20 9:24",FALSE,"Lincoln County - W16D7-Marathon",6.42,708,01:16:15,154,173,3.8,155,165,11:52:00,10:29:00,"96","102",0.88,0,0,"--","--",0,"0",0,01:16:15,00:00:00,0,00:00:00,"No",05:08:00,7,0,2020-07-13 09:24:00,42720
"92","Running","7/11/20 7:59",FALSE,"Lincoln County - W16D6-Easy Run",2.01,207,00:21:56,156,178,3,160,171,10:56:00,09:59:00,"17","55",0.92,0,0,"--","--",0,"0",0,21:56:00,00:00:00,0,00:00:00,"No",01:55:00,3,0,2020-07-11 07:59:00,39360
"93","Running","7/10/20 9:17",FALSE,"Linn County - W16D4-Easy Run",6.25,737,01:13:16,166,181,4.5,155,165,11:43:00,09:49:00,"29","29",0.88,0,0,"--","--",0,"0",0,01:13:16,00:00:00,0,00:00:00,"No",06:28:00,7,0,2020-07-10 09:17:00,42180
"94","Running","7/8/20 9:14",FALSE,"Linn County - W16D2-Intervals",2.14,203,00:22:05,155,182,3,162,170,10:20:00,09:15:00,"8","8",0.96,0,0,"--","--",0,"0",0,22:05:00,00:00:00,0,00:00:00,"No",00:04:00,6,0,2020-07-08 09:14:00,37200
"95","Running","7/6/20 20:02",FALSE,"Linn County - W15D7-Long Run",7,786,01:15:00,172,189,5,163,183,10:43:00,09:27:00,"39","39",0.92,0,0,"--","--",0,"0",0,01:15:00,00:00:00,0,00:00:00,"No",04:59:00,8,0,2020-07-06 20:02:00,38580
"96","Running","7/5/20 19:23",FALSE,"Lincoln County - W15D6-Easy Run",3,290,00:32:20,152,176,3.2,162,172,10:46:00,09:39:00,"71","114",0.93,0,0,"--","--",0,"0",0,NA,00:00:00,0,00:00:00,"No",02:19:00,4,0,2020-07-05 19:23:00,38760
"97","Running","7/3/20 9:34",FALSE,"Linn County - W15D4-Threshold Run",7,728,01:16:42,164,185,5,161,172,10:58:00,09:35:00,"40","41",0.91,0,0,"--","--",0,"0",0,01:16:42,00:00:00,0,00:00:00,"No",01:41:00,10,0,2020-07-03 09:34:00,39480
"98","Running","7/2/20 9:36",FALSE,"Linn County - W15D2-Intervals",4.41,447,00:46:06,172,191,4.7,164,173,10:28:00,09:04:00,"14","20",0.93,0,0,"--","--",0,"0",0,NA,00:00:00,0,00:00:00,"No",00:00:00,16,0,2020-07-02 09:36:00,37680
"99","Running","6/30/20 11:55",FALSE,"Lincoln County - W14D7-Long Run",10.4,1178,02:00:43,174,184,5,157,175,11:36:00,09:35:00,"342","383",0.89,9.7,8.8,"307","50.6% L / 49.4% R",0,"0",0,02:00:43,00:00:00,0,00:00:00,"No",00:42:00,13,0,2020-06-30 11:55:00,41760
"100","Running","6/26/20 8:20",FALSE,"Linn County - W14D6-Easy Run",3.5,383,00:40:14,170,181,4.1,161,187,11:30:00,10:32:00,"10","10",0.87,10.4,9.2,"289","49.5% L / 50.5% R",0,"0",0,NA,00:00:00,0,00:00:00,"No",00:13:00,5,0,2020-06-26 08:20:00,41400
"101","Running","6/25/20 8:16",FALSE,"Linn County - W14D3-Intervals",4.31,482,00:48:05,175,185,4.8,163,188,11:09:00,09:13:00,"20","20",0.88,9.9,8.8,"287","50.0% L / 50.0% R",0,"0",0,NA,00:00:00,0,00:00:00,"No",00:04:00,10,0,2020-06-25 08:16:00,40140
"102","Running","6/24/20 7:21",FALSE,"Linn County - W14D2-Easy Run",4.03,448,00:49:32,164,175,3.7,156,256,12:18:00,10:29:00,"19","19",0.84,9.3,8,"333","49.9% L / 50.1% R",0,"0",0,NA,00:00:00,0,00:00:00,"No",04:31:00,5,0,2020-06-24 07:21:00,44280
"103","Running","6/22/20 9:09",FALSE,"Lincoln County - W13D7-Long Run",13.1,1435,02:34:49,165,178,4.4,157,171,11:49:00,09:01:00,"331","368",0.87,9.3,8.2,"324","50.4% L / 49.6% R",0,"0",0,02:34:49,00:00:00,0,00:00:00,"No",02:23:00,15,0,2020-06-22 09:09:00,42540
"104","Running","6/20/20 16:39",FALSE,"Lincoln County - W13D4-Threshold Run",6.16,607,01:10:08,162,185,4,163,219,11:23:00,08:36:00,"114","158",0.87,9,8,"261","50.5% L / 49.5% R",0,"0",0,01:10:08,00:00:00,0,00:00:00,"No",00:08:00,9,0,2020-06-20 16:39:00,40980
"105","Running","6/19/20 9:18",FALSE,"Lincoln County - W13D4-Threshold Run",1.6,175,00:21:30,151,164,2.6,152,159,13:25:00,11:30:00,"50","53",0.79,10.9,8.7,"330","49.8% L / 50.2% R",0,"0",0,21:30:00,00:00:00,0,00:00:00,"No",08:14:00,2,0,2020-06-19 09:18:00,48300
"106","Running","6/18/20 10:53",FALSE,"Lincoln County - W13D2-Intervals",5.97,686,01:08:23,179,193,5,160,230,11:27:00,09:41:00,"98","130",0.88,10.1,9,"256","55.5% L / 44.5% R",0,"0",0,01:08:23,00:00:00,0,00:00:00,"No",00:08:00,16,0,2020-06-18 10:53:00,41220
"107","Running","6/16/20 18:06",FALSE,"Lincoln County - W12D7-Long Run",15.17,1724,03:00:10,170,181,5,157,171,11:53:00,09:51:00,"347","378",0.86,9.7,8.5,"319","50.5% L / 49.5% R",0,"0",0,03:00:10,00:00:00,0,00:00:00,"No",00:09:00,17,0,2020-06-16 18:06:00,42780
"108","Running","6/13/20 8:14",FALSE,"Linn County - W12D6-Easy Run",2.7,304,00:33:40,154,169,3.2,161,193,12:29:00,11:09:00,"--","3",0.8,9.7,7.9,"312","50.0% L / 50.0% R",0,"0",0,NA,00:00:00,0,00:00:00,"No",03:40:00,4,0,2020-06-13 08:14:00,44940
"109","Running","6/12/20 8:35",FALSE,"Linn County - W12D3-Intervals",6.5,704,01:12:37,167,182,4.6,165,204,11:10:00,09:24:00,"30","30",0.87,8.9,7.9,"288","49.9% L / 50.1% R",0,"0",0,01:12:37,00:00:00,0,00:00:00,"No",02:00:00,13,0,2020-06-12 08:35:00,40200
"110","Running","6/11/20 8:58",FALSE,"Linn County - W12D5-Intervals",3,320,00:34:35,162,184,3.6,164,183,11:32:00,08:57:00,"--","3",0.86,9.3,8.2,"279","50.1% L / 49.9% R",0,"0",0,NA,00:00:00,0,00:00:00,"No",01:00:00,13,0,2020-06-11 08:58:00,41520
"111","Running","6/10/20 16:12",FALSE,"Linn County - W12D2-Easy Run",4.19,460,00:45:04,174,185,4.8,164,248,10:45:00,08:03:00,"21","18",0.92,8.7,8.2,"290","49.6% L / 50.4% R",0,"0",0,NA,00:00:00,0,00:00:00,"No",00:04:00,6,0,2020-06-10 16:12:00,38700
"112","Running","6/8/20 8:13",FALSE,"Lincoln County - W11D7-Long Run",15,1646,03:04:48,162,179,5,155,187,12:19:00,10:25:00,"368","404",0.85,10,8.6,"317","50.7% L / 49.3% R",0,"0",0,03:04:48,00:00:00,0,00:00:00,"No",04:47:00,16,0,2020-06-08 08:13:00,44340
"113","Running","6/7/20 9:56",FALSE,"Lincoln County - W11D6-Easy Run",3,314,00:31:19,170,190,4.1,166,178,10:25:00,09:39:00,"88","126",0.93,8.6,8.2,"288","48.9% L / 51.1% R",0,"0",0,NA,00:00:00,0,00:00:00,"No",01:18:00,4,0,2020-06-07 09:56:00,37500
"114","Running","6/5/20 10:28",FALSE,"Lincoln County - W11D4-Easy Run",4.27,481,00:45:06,178,190,5,165,183,10:34:00,09:18:00,"37","80",0.93,8.7,8.3,"280","50.4% L / 49.6% R",0,"0",0,NA,00:00:00,0,00:00:00,"No",00:06:00,6,0,2020-06-05 10:28:00,38040
"115","Running","6/4/20 9:43",FALSE,"Lincoln County - W11D3-Intervals",4.21,473,00:45:10,176,191,5,161,172,10:45:00,09:08:00,"67","74",0.93,9.4,8.9,"291","50.0% L / 50.0% R",0,"0",0,NA,00:00:00,0,00:00:00,"No",00:01:00,12,0,2020-06-04 09:43:00,38700
"116","Running","6/1/20 8:07",FALSE,"Lincoln County - W10D7-Half Marathon",13.1,1377,02:40:43,149,176,4,154,200,12:16:00,10:16:00,"368","365",0.85,10.1,8.7,"307","49.9% L / 50.1% R",0,"0",0,02:40:43,00:00:00,0,00:00:00,"No",00:01:00,16,0,2020-06-01 08:07:00,44160
"117","Running","5/31/20 9:22",FALSE,"Lincoln County - W10D6-Easy Run",2,182,00:21:47,159,178,3.1,164,173,10:53:00,09:27:00,"54","97",0.89,9.8,8.8,"286","49.1% L / 50.9% R",0,"0",0,21:47:00,00:00:00,0,00:00:00,"No",01:46:00,3,0,2020-05-31 09:22:00,39180
"118","Running","5/29/20 8:21",FALSE,"Linn County - W10D4-Threshold Run",3,267,00:33:44,156,182,3.1,160,182,11:14:00,09:09:00,"3","3",0.89,9.8,8.8,"290","50.1% L / 49.9% R",0,"0",0,NA,00:00:00,0,00:00:00,"No",00:19:00,5,0,2020-05-29 08:21:00,40440
"119","Running","5/28/20 8:28",FALSE,"Linn County - W10D3-Easy Run",2.5,270,00:31:08,150,168,2.8,154,183,12:27:00,10:39:00,"--","1",0.84,10.7,9.1,"324","49.0% L / 51.0% R",0,"0",0,NA,00:00:00,0,00:00:00,"No",01:08:00,4,0,2020-05-28 08:28:00,44820
"120","Running","5/27/20 7:37",FALSE,"Linn County - W10D2-Intervals",3.3,351,00:39:21,156,182,3.5,159,217,11:55:00,09:33:00,"17","17",0.85,0,0,"--","--",0,"0",0,NA,00:00:00,0,00:00:00,"No",00:06:00,15,0,2020-05-27 07:37:00,42900
"121","Running","5/26/20 7:51",FALSE,"Linn County - W09D7-Long Run",7.51,841,01:30:27,163,177,4.6,155,219,12:03:00,10:32:00,"18","28",0.86,9.8,8.6,"312","50.5% L / 49.5% R",0,"0",0,01:30:27,00:00:00,0,00:00:00,"No",00:26:00,9,0,2020-05-26 07:51:00,43380
"122","Running","5/25/20 18:24",FALSE,"Linn County - W09D6-Easy Run",4,429,00:49:09,161,176,3.3,154,170,12:17:00,10:51:00,"16","16",0.85,9.5,8.2,"310","48.4% L / 51.6% R",0,"0",0,NA,00:00:00,0,00:00:00,"No",03:13:00,5,0,2020-05-25 18:24:00,44220
"123","Running","5/22/20 9:01",FALSE,"Linn County - W09D4a-Recovery Run",4,442,00:48:25,162,179,3.6,157,176,12:07:00,09:49:00,"4","4",0.85,10.3,8.9,"303","51.2% L / 48.8% R",0,"0",0,NA,00:00:00,0,00:00:00,"No",03:33:00,5,0,2020-05-22 09:01:00,43620
"124","Running","5/20/20 8:36",FALSE,"Linn County - W09D2-Easy Run",4,443,00:51:09,153,171,3.1,154,168,12:48:00,10:29:00,"14","14",0.82,10.9,9,"326","50.0% L / 50.0% R",0,"0",0,NA,00:00:00,0,00:00:00,"No",06:08:00,5,0,2020-05-20 08:36:00,46080
"125","Running","5/18/20 12:28",FALSE,"Lincoln County - W08D7-Long Run",15,1659,02:47:04,170,185,5,159,178,11:08:00,09:27:00,"406","407",0.91,9.3,8.6,"298","50.2% L / 49.8% R",0,"0",0,02:47:04,00:00:00,0,00:00:00,"No",02:04:00,16,0,2020-05-18 12:28:00,40080
"126","Running","5/17/20 7:13",FALSE,"Lincoln County - W08D4-Recovery Run",3,312,00:33:58,153,171,3.4,162,166,11:19:00,10:01:00,"101","102",0.88,9.9,8.9,"290","50.9% L / 49.1% R",0,"0",0,NA,00:00:00,0,00:00:00,"No",03:57:00,4,0,2020-05-17 07:13:00,40740
"127","Running","5/16/20 8:59",FALSE,"Lincoln County - W08D5-Intervals",6,682,01:07:30,173,185,5,159,172,11:15:00,09:20:00,"120","141",0.9,10.4,9.5,"298","49.9% L / 50.1% R",0,"0",0,01:07:30,00:00:00,0,00:00:00,"No",01:30:00,15,0,2020-05-16 08:59:00,40500
"128","Running","5/13/20 8:44",FALSE,"Linn County - W08D2-Intervals",4.1,422,00:45:36,163,179,3.9,163,174,11:07:00,09:16:00,"13","13",0.89,9.3,8.4,"293","51.4% L / 48.6% R",0,"0",0,NA,00:00:00,0,00:00:00,"No",00:27:00,9,0,2020-05-13 08:44:00,40020
"129","Running","5/12/20 8:38",FALSE,"Linn County - W08D1a-Recovery Run",3,312,00:32:24,161,174,3.6,162,194,10:48:00,09:39:00,"--","3",0.93,9.3,8.9,"292","48.6% L / 51.4% R",0,"0",0,NA,00:00:00,0,00:00:00,"No",02:24:00,4,0,2020-05-12 08:38:00,38880
"130","Running","5/11/20 6:18",FALSE,"Linn County - W07D7-Long Run",13.1,1382,02:38:08,156,171,3.8,151,173,12:04:00,10:07:00,"71","71",0.88,10.2,9.2,"319","49.7% L / 50.3% R",0,"0",0,02:38:08,00:00:00,0,00:00:00,"No",05:41:00,14,0,2020-05-11 06:18:00,43440
"131","Running","5/9/20 8:20",FALSE,"Linn County - W07D5-Intervals",4,458,00:44:58,175,188,4.5,153,162,11:15:00,09:13:00,"17","17",0.94,9.7,9.2,"312","50.3% L / 49.7% R",0,"0",0,NA,00:00:00,0,00:00:00,"No",01:30:00,10,0,2020-05-09 08:20:00,40500
"132","Running","5/8/20 7:34",FALSE,"Linn County - W07D4-Easy Run",4,462,00:49:03,160,180,3.8,149,156,12:16:00,11:16:00,"18","18",0.88,0,0,"--","--",0,"0",0,NA,00:00:00,0,00:00:00,"No",02:59:00,5,0,2020-05-08 07:34:00,44160
"133","Running","5/7/20 8:13",FALSE,"Linn County - W07D3-Intervals",6,674,01:07:23,168,193,5,153,166,11:14:00,09:18:00,"22","22",0.93,0,0,"--","--",0,"0",0,01:07:23,00:00:00,0,00:00:00,"No",01:30:00,15,0,2020-05-07 08:13:00,40440
"134","Running","5/6/20 7:59",FALSE,"Linn County - W07D2a-Recovery Run",3,333,00:35:37,155,175,3.4,151,159,11:53:00,10:43:00,"574","554",0.9,0,0,"--","--",0,"0",0,NA,00:00:00,0,00:00:00,"No",05:37:00,4,0,2020-05-06 07:59:00,42780
"135","Running","5/4/20 8:28",FALSE,"Lincoln County - W06D7-Long Run",13,1418,02:37:17,162,177,4.3,148,191,12:06:00,10:36:00,"361","375",0.9,11,10.1,"328","49.7% L / 50.3% R",0,"0",0,02:37:17,00:00:00,0,00:00:00,"No",06:38:00,14,0,2020-05-04 08:28:00,43560
"136","Running","5/3/20 8:42",FALSE,"Lincoln County - W06D6-Intervals",4.1,440,00:44:37,168,185,4.4,154,164,10:53:00,09:27:00,"40","75",0.96,10.2,10,"310","49.5% L / 50.5% R",0,"0",0,NA,00:00:00,0,00:00:00,"No",00:06:00,9,0,2020-05-03 08:42:00,39180
"137","Running","5/1/20 8:56",FALSE,"Linn County - W06D4-Intervals",4,417,00:44:18,167,190,4.1,152,188,11:04:00,08:36:00,"14","14",0.96,10.8,10.5,"304","49.0% L / 51.0% R",0,"0",0,NA,00:00:00,0,00:00:00,"No",01:30:00,13,0,2020-05-01 08:56:00,39840
"138","Running","4/30/20 7:24",FALSE,"Linn County - W06D3a-Recovery Run",3,331,00:37:45,155,170,3.3,148,162,12:34:00,10:32:00,"7","7",0.87,11.2,9.8,"316","50.3% L / 49.7% R",0,"0",0,NA,00:00:00,0,00:00:00,"No",05:01:00,4,0,2020-04-30 07:24:00,45240
"139","Running","4/29/20 7:23",FALSE,"Lincoln County - W06D2-Intervals",4.2,462,00:48:37,169,187,4.3,151,161,11:35:00,09:24:00,"69","82",0.92,10.8,10.1,"309","49.4% L / 50.6% R",0,"0",0,NA,00:00:00,0,00:00:00,"No",02:00:00,8,0,2020-04-29 07:23:00,41700
"140","Running","4/27/20 8:31",FALSE,"Lincoln County - W05D7-Long Run",8,910,01:38:27,165,181,4.6,149,164,12:19:00,09:51:00,"201","202",0.88,11.1,9.9,"310","48.5% L / 51.5% R",0,"0",0,01:38:27,00:00:00,0,00:00:00,"No",05:39:00,9,0,2020-04-27 08:31:00,44340
"141","Running","4/26/20 8:52",FALSE,"Linn County - W05D6-Intervals",4.6,490,00:50:44,170,186,4.5,154,173,11:01:00,09:16:00,"19","24",0.95,10.3,9.9,"310","48.8% L / 51.2% R",0,"0",0,NA,00:00:00,0,00:00:00,"No",01:00:00,14,0,2020-04-26 08:52:00,39660
"142","Running","4/23/20 7:30",FALSE,"Linn County - W05D2-Intervals",4.3,476,00:48:35,172,187,4.6,154,173,11:18:00,09:22:00,"5","5",0.92,10.1,9.3,"301","49.3% L / 50.7% R",0,"0",0,NA,00:00:00,0,00:00:00,"No",01:04:00,12,0,2020-04-23 07:30:00,40680
"143","Running","4/22/20 9:08",FALSE,"Linn County - W05D3a-Recovery Run",3,339,00:36:41,160,176,3.6,150,256,12:13:00,11:03:00,"3","3",0.88,10.8,9.7,"333","49.5% L / 50.5% R",0,"0",0,NA,00:00:00,0,00:00:00,"No",05:09:00,4,0,2020-04-22 09:08:00,43980
"144","Running","4/20/20 6:59",FALSE,"Linn County - W04D7-Long Run",11,1203,02:20:13,162,173,3.9,149,171,12:45:00,10:36:00,"63","70",0.85,10.8,9.2,"332","50.0% L / 50.0% R",0,"0",0,02:20:13,00:00:00,0,00:00:00,"No",05:13:00,12,0,2020-04-20 06:59:00,45900
"145","Running","4/19/20 9:23",FALSE,"Linn County - W04D6-Intervals",4.2,469,00:47:23,170,190,4.6,153,219,11:17:00,09:15:00,"15","15",0.94,9.8,9.4,"313","49.5% L / 50.5% R",0,"0",0,NA,00:00:00,0,00:00:00,"No",01:22:00,8,0,2020-04-19 09:23:00,40620
"146","Running","4/17/20 6:09",FALSE,"Linn County - W04D4-Fartlek Run",4.01,439,00:46:14,164,177,4,152,163,11:32:00,10:07:00,"17","17",0.92,0,0,"--","--",0,"0",0,NA,00:00:00,0,00:00:00,"No",01:14:00,5,0,2020-04-17 06:09:00,41520
"147","Running","4/16/20 7:55",FALSE,"Linn County - W04D3a-Recovery Run",3.01,324,00:38:10,155,169,3.2,148,240,12:42:00,10:41:00,"--","3",0.87,10.7,9.4,"339","49.2% L / 50.8% R",0,"0",0,NA,00:00:00,0,00:00:00,"No",04:44:00,4,0,2020-04-16 07:55:00,45720
"148","Running","4/15/20 11:14",FALSE,"Linn County - W04D2-Intervals",4.01,453,00:45:27,173,190,4.7,151,161,11:21:00,09:15:00,"8","8",0.95,10.3,9.9,"313","50.1% L / 49.9% R",0,"0",0,NA,00:00:00,0,00:00:00,"No",00:27:00,9,0,2020-04-15 11:14:00,40860
"149","Running","4/13/20 8:00",FALSE,"Lincoln County - W03D7-Long Run",8.5,933,01:49:58,165,178,3.8,144,158,12:57:00,10:12:00,"301","302",0.86,11.1,9.7,"342","50.1% L / 49.9% R",0,"0",0,01:49:58,00:00:00,0,00:00:00,"No",03:38:00,10,0,2020-04-13 08:00:00,46620
"150","Running","4/11/20 8:26",FALSE,"Linn County - W03D6-Intervals",3.1,337,00:36:13,165,184,3.8,151,162,11:42:00,09:33:00,"3","3",0.91,10.8,9.9,"303","50.8% L / 49.2% R",0,"0",0,NA,00:00:00,0,00:00:00,"No",02:00:00,6,0,2020-04-11 08:26:00,42120
"151","Running","4/10/20 9:45",FALSE,"Linn County - W03D4-Recovery Run",4.01,450,00:45:20,171,185,4.5,151,165,11:19:00,09:57:00,"6","6",0.95,10.2,9.9,"317","49.5% L / 50.5% R",0,"0",0,NA,00:00:00,0,00:00:00,"No",00:19:00,5,0,2020-04-10 09:45:00,40740
"152","Running","4/8/20 9:37",FALSE,"Linn County - W03D2-Intervals",4.01,441,00:46:11,170,188,4.3,152,226,11:31:00,08:39:00,"19","19",0.92,10.1,9.4,"318","48.7% L / 51.3% R",0,"0",0,NA,00:00:00,0,00:00:00,"No",01:30:00,12,0,2020-04-08 09:37:00,41460
"153","Running","4/6/20 8:04",FALSE,"Linn County Running",7.5,825,01:37:58,152,169,4.2,145,175,13:04:00,11:22:00,"1,138","1,175",0.85,11.2,9.7,"343","49.5% L / 50.5% R",0,"0",0,01:37:58,00:00:00,0,00:00:00,"No",00:15:00,9,0,2020-04-06 08:04:00,47040
"154","Running","4/5/20 9:33",FALSE,"Linn County - W02D6-Intervals",4,434,00:45:55,171,189,4.4,150,238,11:29:00,09:02:00,"5","5",0.93,10.8,10.1,"311","48.1% L / 51.9% R",0,"0",0,NA,00:00:00,0,00:00:00,"No",02:00:00,10,0,2020-04-05 09:33:00,41340
"155","Running","4/3/20 8:01",FALSE,"Linn County - W02D4b-Recovery Run",3,332,00:39:35,157,168,3.2,145,157,13:12:00,11:22:00,"5","5",0.85,11.5,9.9,"345","49.9% L / 50.1% R",0,"0",0,NA,00:00:00,0,00:00:00,"No",03:30:00,4,0,2020-04-03 08:01:00,47520
"156","Running","4/2/20 8:33",FALSE,"Linn County - W02D3-Intervals",3.3,368,00:40:23,172,190,4,147,162,12:15:00,09:31:00,"16","16",0.89,10.6,9.6,"340","50.2% L / 49.8% R",0,"0",0,NA,00:00:00,0,00:00:00,"No",00:01:00,12,0,2020-04-02 08:33:00,44100
"157","Running","4/1/20 8:48",FALSE,"Linn County - W02D2-Recovery Run",4,447,00:50:35,160,178,4,147,205,12:39:00,10:39:00,"19","19",0.87,11.3,10,"331","50.1% L / 49.9% R",0,"0",0,NA,00:00:00,0,00:00:00,"No",05:35:00,5,0,2020-04-01 08:48:00,45540
"158","Running","3/30/20 8:18",FALSE,"Linn County - W01D7-Long Run",6.01,667,01:16:57,160,179,4.5,146,170,12:48:00,10:25:00,"19","19",0.87,10.9,9.5,"336","50.8% L / 49.2% R",0,"0",0,01:16:57,00:00:00,0,00:00:00,"No",01:57:00,7,0,2020-03-30 08:18:00,46080
"159","Running","3/29/20 10:26",FALSE,"Linn County - W01D6-Fartlek Run",4.01,452,00:54:02,160,174,3.6,144,256,13:29:00,11:06:00,"20","20",0.83,11.8,9.9,"349","50.1% L / 49.9% R",0,"0",0,NA,00:00:00,0,00:00:00,"No",04:59:00,5,0,2020-03-29 10:26:00,48540
"160","Running","3/26/20 10:42",FALSE,"Linn County - W01D3-Intervals",3,318,00:36:25,166,188,4,148,207,12:08:00,08:52:00,"4","4",0.9,10.7,9.7,"331","49.8% L / 50.2% R",0,"0",0,NA,00:00:00,0,00:00:00,"No",01:30:00,10,0,2020-03-26 10:42:00,43680
"161","Running","3/25/20 10:41",FALSE,"Linn County - W01D2-Easy Run",3.37,392,00:44:18,164,188,4.2,143,226,13:09:00,11:19:00,"21","23",0.85,0,0,"--","--",0,"0",0,NA,00:00:00,0,00:00:00,"No",02:07:00,5,0,2020-03-25 10:41:00,47340
"162","Running","3/24/20 17:30",FALSE,"Linn County Running",3.01,325,00:36:54,156,178,4,146,177,12:17:00,06:52:00,"--","3",0.9,11,10,"333","49.7% L / 50.3% R",0,"0",0,NA,00:00:00,0,00:00:00,"No",00:04:00,4,0,2020-03-24 17:30:00,44220
"163","Running","3/22/20 15:22",FALSE,"Linn County Running",4.01,437,00:53:39,157,172,3.7,143,167,13:23:00,11:22:00,"3","6",0.84,11.1,9.4,"341","49.1% L / 50.9% R",0,"0",0,NA,00:00:00,0,00:00:00,"No",00:03:00,5,0,2020-03-22 15:22:00,48180
"164","Running","3/19/20 12:30",FALSE,"Linn County Running",3.01,333,00:37:20,166,186,4.3,145,160,12:25:00,10:01:00,"--","2",0.9,10.9,10,"347","49.6% L / 50.4% R",0,"0",0,NA,00:00:00,0,00:00:00,"No",00:05:00,4,0,2020-03-19 12:30:00,44700
"165","Running","3/17/20 9:28",FALSE,"Linn County Running",4,433,00:50:41,157,171,4.5,146,160,12:39:00,10:51:00,"19","19",0.88,11.5,10.2,"331","50.0% L / 50.0% R",0,"0",0,NA,00:00:00,0,00:00:00,"No",00:04:00,5,0,2020-03-17 09:28:00,45540
"166","Running","3/15/20 13:00",FALSE,"Linn County Running",3,330,00:40:38,153,168,4.3,142,158,13:32:00,11:44:00,"2","4",0.84,12.8,10.9,"347","49.5% L / 50.5% R",0,"0",0,NA,00:00:00,0,00:00:00,"No",00:03:00,4,0,2020-03-15 13:00:00,48720
"167","Running","3/13/20 10:46",FALSE,"Linn County Running",4.01,441,00:49:50,168,190,5,145,185,12:26:00,09:43:00,"18","18",0.9,11.3,10.2,"333","49.6% L / 50.4% R",0,"0",0,NA,00:00:00,0,00:00:00,"No",00:02:00,6,0,2020-03-13 10:46:00,44760
"168","Running","2/22/20 15:12",FALSE,"Linn County Running",4.01,443,00:54:33,163,187,5,142,162,13:35:00,10:01:00,"15","15",0.84,11.8,10,"350","50.0% L / 50.0% R",0,"0",0,NA,00:00:00,0,00:00:00,"No",00:12:00,5,0,2020-02-22 15:12:00,48900
"169","Running","2/17/20 17:02",FALSE,"Linn County Running",4,445,00:54:20,163,181,4.9,142,169,13:35:00,09:25:00,"8","8",0.85,11.7,10,"352","49.8% L / 50.2% R",0,"0",0,NA,00:00:00,0,00:00:00,"No",00:00:00,5,0,2020-02-17 17:02:00,48900
"170","Running","2/14/20 11:10",FALSE,"Linn County Running",4,445,00:52:25,164,186,5,145,162,13:05:00,07:01:00,"14","14",0.85,11.4,9.8,"341","49.5% L / 50.5% R",0,"0",0,NA,00:00:00,0,00:00:00,"No",00:02:00,5,0,2020-02-14 11:10:00,47100
"171","Running","2/6/20 14:11",FALSE,"Linn County Running",1.01,110,00:14:36,138,157,2.5,143,171,14:27:00,13:04:00,"--","--",0.78,12.4,9.7,"353","49.6% L / 50.4% R",0,"0",0,14:36:00,00:00:00,0,00:00:00,"No",00:09:00,2,0,2020-02-06 14:11:00,52020
"172","Running","1/26/20 15:10",FALSE,"Linn County - W01D4-Easy Run",2.39,263,00:34:31,151,174,3.6,138,161,14:26:00,11:01:00,"--","3",0.81,11.9,9.8,"348","49.2% L / 50.8% R",0,"0",0,NA,00:00:00,0,00:00:00,"No",02:34:00,4,0,2020-01-26 15:10:00,51960
"173","Running","1/21/20 7:57",FALSE,"Linn County - W01D2-Easy Run",2.07,228,00:30:07,160,169,3.2,143,154,14:35:00,11:47:00,"2","--",0.77,12.6,9.9,"344","50.0% L / 50.0% R",0,"0",0,NA,00:00:00,0,00:00:00,"No",00:07:00,4,0,2020-01-21 07:57:00,52500
"174","Running","1/12/20 14:03",FALSE,"Linn County - W02D2a-Easy Run",2.44,274,00:33:34,161,172,4,141,167,13:44:00,10:07:00,"--","--",0.84,11.9,10.1,"344","50.0% L / 50.0% R",0,"0",0,NA,00:00:00,0,00:00:00,"No",03:28:00,4,0,2020-01-12 14:03:00,49440
"175","Running","1/10/20 9:00",FALSE,"Linn County - W01D7-Long Run",2.34,260,00:35:32,150,170,3.8,137,154,15:10:00,12:17:00,"3","3",0.78,11.6,9.1,"386","50.3% L / 49.7% R",0,"0",0,NA,00:00:00,0,00:00:00,"No",05:32:00,4,0,2020-01-10 09:00:00,54600
"176","Running","1/6/20 9:43",FALSE,"Linn County - W01D4-Easy Run",2.45,278,00:33:42,169,185,5,142,160,13:45:00,11:06:00,"3","3",0.82,11.9,9.9,"333","49.8% L / 50.2% R",0,"0",0,NA,00:00:00,0,00:00:00,"No",03:33:00,4,0,2020-01-06 09:43:00,49500
"177","Running","1/4/20 11:23",FALSE,"Linn County - W01D2-Easy Run",2.54,279,00:34:57,158,173,4.7,140,212,13:44:00,11:06:00,"4","4",0.84,12.5,10.6,"336","49.8% L / 50.2% R",0,"0",0,NA,00:00:00,0,00:00:00,"No",03:29:00,4,0,2020-01-04 11:23:00,49440
"178","Running","12/26/19 13:54",FALSE,"Linn County Running",4,442,00:51:08,165,183,5,146,238,12:47:00,10:48:00,"24","23",0.86,0,0,"--","--",0,"0",0,NA,00:00:00,0,00:00:00,"No",12:23:00,4,0,2019-12-26 13:54:00,46020
"179","Running","11/11/19 13:31",FALSE,"Linn County Running",4.01,311,00:50:25,174,187,1,144,248,12:33:00,10:07:00,"6","6",0.88,11,9.8,"326","50.8% L / 49.2% R",0,"0",0,NA,00:00:00,0,00:00:00,"No",00:10:00,5,0,2019-11-11 13:31:00,45180
"180","Running","11/6/19 10:02",FALSE,"Linn County Running",4,427,00:50:10,160,184,5,145,160,12:32:00,10:34:00,"13","13",0.89,10.9,9.8,"322","49.0% L / 51.0% R",0,"0",0,NA,00:00:00,0,00:00:00,"No",00:02:00,5,0,2019-11-06 10:02:00,45120
"181","Running","10/20/19 7:18",FALSE,"Pima County Running",3.01,363,00:42:55,175,185,5,145,189,14:16:00,07:28:00,"246","246",0.79,11.8,9.3,"336","50.0% L / 50.0% R",0,"0",0,NA,00:00:00,0,00:00:00,"No",00:06:00,4,0,2019-10-20 07:18:00,51360
"182","Running","10/14/19 16:50",FALSE,"Linn County Running",4,282,00:52:16,172,182,1,144,163,13:04:00,11:47:00,"19","19",0.87,11,9.7,"334","50.1% L / 49.9% R",0,"0",0,NA,00:00:00,0,00:00:00,"No",12:59:00,4,0,2019-10-14 16:50:00,47040
"183","Running","9/3/19 19:18",FALSE,"Linn County Running",4,436,00:50:42,168,183,5,146,245,12:40:00,07:13:00,"18","18",0.87,11.1,9.8,"324","50.8% L / 49.2% R",0,"0",0,NA,00:00:00,0,00:00:00,"No",00:00:00,5,0,2019-09-03 19:18:00,45600
"184","Running","8/6/19 8:50",FALSE,"Linn County Running",4.01,421,00:47:59,159,183,5,147,173,11:59:00,09:55:00,"5","5",0.91,11.5,10.6,"322","50.1% L / 49.9% R",0,"0",0,NA,00:00:00,0,00:00:00,"No",00:03:00,5,0,2019-08-06 08:50:00,43140
"185","Running","8/4/19 14:39",FALSE,"Multnomah County Running",1,98,00:11:11,171,180,3.4,149,208,11:11:00,09:04:00,"14","15",0.97,9.9,9.7,"311","51.1% L / 48.9% R",0,"0",0,11:11:00,00:00:00,0,00:00:00,"No",00:00:00,1,0,2019-08-04 14:39:00,40260
"186","Running","8/2/19 17:26",FALSE,"Wood Village Running",3.01,326,00:36:18,170,185,5,146,169,12:04:00,08:56:00,"56","50",0.91,0,0,"--","--",0,"0",0,NA,00:00:00,0,00:00:00,"No",00:04:00,4,0,2019-08-02 17:26:00,43440
"187","Running","7/30/19 15:04",FALSE,"Linn County Running",2,225,00:26:41,168,187,3.5,142,160,13:20:00,11:35:00,"--","3",0.86,11.9,10.4,"324","50.2% L / 49.8% R",0,"0",0,NA,00:00:00,0,00:00:00,"No",13:15:00,2,0,2019-07-30 15:04:00,48000
"188","Running","7/15/19 11:16",FALSE,"Linn County Running",4.01,443,00:50:53,166,184,5,145,165,12:42:00,09:08:00,"23","23",0.87,12.1,10.7,"333","49.0% L / 51.0% R",0,"0",0,NA,00:00:00,0,00:00:00,"No",00:04:00,5,0,2019-07-15 11:16:00,45720
"189","Running","6/30/19 20:31",FALSE,"Linn County Running",4,449,00:53:16,163,177,4.6,143,208,13:18:00,11:53:00,"24","24",0.85,11.2,9.7,"347","48.5% L / 51.5% R",0,"0",0,NA,00:00:00,0,00:00:00,"No",00:02:00,5,0,2019-06-30 20:31:00,47880
"190","Running","6/27/19 15:37",FALSE,"Linn County Running",4,427,00:50:34,164,177,4.8,144,159,12:38:00,10:48:00,"24","20",0.89,11,9.9,"330","49.0% L / 51.0% R",0,"0",0,NA,00:00:00,0,00:00:00,"No",00:03:00,5,0,2019-06-27 15:37:00,45480
"191","Running","6/25/19 15:10",FALSE,"Linn County Running",4.01,444,00:51:16,171,182,5,144,233,12:48:00,10:20:00,"7","7",0.88,11,9.8,"346","48.3% L / 51.7% R",0,"0",0,NA,00:00:00,0,00:00:00,"No",00:05:00,5,0,2019-06-25 15:10:00,46080
"192","Running","6/22/19 21:45",FALSE,"Linn County Running",4.01,424,00:51:25,155,176,4.8,159,159,12:50:00,11:03:00,"18","18",0,0,0,"--","--",0,"0",0,NA,00:00:00,0,00:00:00,"No",00:02:00,6,0,2019-06-22 21:45:00,46200
"193","Running","6/9/19 21:13",FALSE,"Linn County Running",3.3,367,00:42:28,171,184,5,144,220,12:51:00,08:17:00,"15","15",0.88,10.4,9.3,"334","49.3% L / 50.7% R",0,"0",0,NA,00:00:00,0,00:00:00,"No",07:28:00,4,0,2019-06-09 21:13:00,46260
"194","Running","5/29/19 17:30",FALSE,"Linn County Running",4,424,00:49:55,167,181,5,144,168,12:29:00,10:41:00,"9","9",0.9,10.8,9.8,"342","48.3% L / 51.7% R",0,"0",0,NA,00:00:00,0,00:00:00,"No",02:17:00,5,0,2019-05-29 17:30:00,44940
"195","Running","5/26/19 10:44",FALSE,"Linn County Running",4,399,00:49:20,172,183,1.1,146,161,12:20:00,10:46:00,"12","12",0.9,10.1,9.3,"325","47.2% L / 52.8% R",0,"0",0,NA,00:00:00,0,00:00:00,"No",01:45:00,5,0,2019-05-26 10:44:00,44400
"196","Running","5/22/19 20:44",FALSE,"Linn County Running",4,457,00:51:54,178,188,5,144,170,12:58:00,10:01:00,"14","14",0.86,10.8,9.4,"325","52.3% L / 47.7% R",0,"0",0,NA,00:00:00,0,00:00:00,"No",12:25:00,4,0,2019-05-22 20:44:00,46680
"197","Running","5/15/19 9:46",FALSE,"Linn County Running",4,466,00:52:50,173,187,5,143,155,13:12:00,11:09:00,"27","27",0.86,11.7,10.2,"302","50.7% L / 49.3% R",0,"0",0,NA,00:00:00,0,00:00:00,"No",00:03:00,5,0,2019-05-15 09:46:00,47520
"198","Running","5/8/19 8:42",FALSE,"Linn County Running",4,432,00:51:08,166,180,4.9,145,216,12:48:00,09:31:00,"10","10",0.87,11.6,10.3,"309","51.2% L / 48.8% R",0,"0",0,NA,00:00:00,0,00:00:00,"No",12:15:00,4,0,2019-05-08 08:42:00,46080
"199","Running","4/17/19 16:19",FALSE,"Linn County Running",5.01,561,01:01:04,171,185,5,147,186,12:12:00,08:57:00,"15","24",0.91,10.9,10,"305","50.7% L / 49.3% R",0,"0",0,01:01:04,00:00:00,0,00:00:00,"No",00:01:00,7,0,2019-04-17 16:19:00,43920
"200","Running","4/10/19 19:22",FALSE,"Linn County Running",4,449,00:51:31,158,182,4.2,143,168,12:53:00,11:25:00,"19","19",0.87,0,0,"--","--",0,"0",0,NA,00:00:00,0,00:00:00,"No",12:28:00,4,0,2019-04-10 19:22:00,46380
"201","Running","4/7/19 18:40",FALSE,"Linn County Running",3.1,342,00:40:28,160,177,3.5,143,256,13:02:00,11:33:00,"24","24",0.86,10.8,9.3,"309","49.7% L / 50.3% R",0,"0",0,NA,00:00:00,0,00:00:00,"No",01:15:00,4,0,2019-04-07 18:40:00,46920
"202","Running","3/20/19 19:06",FALSE,"Linn County - W06D4-Fartlek",3.3,370,00:40:57,162,176,4,145,167,12:25:00,10:05:00,"19","23",0.89,10.4,9.5,"337","49.5% L / 50.5% R",0,"0",0,NA,00:00:00,0,00:00:00,"No",00:57:00,5,0,2019-03-20 19:06:00,44700
"203","Running","3/17/19 18:22",FALSE,"Linn County - W05D7-Long Run",4.31,486,00:55:50,164,179,3.9,143,163,12:57:00,10:48:00,"7","7",0.87,11.2,9.9,"313","50.4% L / 49.6% R",0,"0",0,NA,00:00:00,0,00:00:00,"No",05:00:00,6,0,2019-03-17 18:22:00,46620
"204","Running","3/13/19 15:52",FALSE,"Linn County - W04D7-Long Run",8.2,936,01:45:21,163,181,4.5,144,161,12:51:00,11:19:00,"35","35",0.87,0,0,"--","--",0,"0",0,01:45:21,00:00:00,0,00:00:00,"No",00:20:00,13,0,2019-03-13 15:52:00,46260
"205","Running","3/12/19 20:17",FALSE,"Linn County - W04D3-Easy Run",2.6,282,00:33:47,156,167,3.1,144,158,13:00:00,10:29:00,"1","3",0.86,11.4,10,"320","51.4% L / 48.6% R",0,"0",0,NA,00:00:00,0,00:00:00,"No",03:47:00,4,0,2019-03-12 20:17:00,46800
"206","Running","3/10/19 19:40",FALSE,"Linn County - W05D4-Threshold Run",3,302,00:34:39,164,187,3.6,153,166,11:34:00,09:13:00,"3","3",0.91,10.1,9.2,"305","51.0% L / 49.0% R",0,"0",0,NA,00:00:00,0,00:00:00,"No",01:30:00,10,0,2019-03-10 19:40:00,41640
"207","Running","3/9/19 16:47",FALSE,"Linn County - W05D2-Fartlek",3.33,153,00:41:24,159,179,1,147,175,12:25:00,10:51:00,"14","14",0.89,10.4,9.4,"324","50.6% L / 49.4% R",0,"0",0,NA,00:00:00,0,00:00:00,"No",01:23:00,5,0,2019-03-09 16:47:00,44700
"208","Running","3/6/19 19:18",FALSE,"Linn County - W04D4-Threshold Run",3,332,00:36:27,165,185,4,148,162,12:09:00,10:23:00,"3","3",0.9,11,10.1,"306","50.6% L / 49.4% R",0,"0",0,NA,00:00:00,0,00:00:00,"No",01:30:00,10,0,2019-03-06 19:18:00,43740
"209","Running","3/5/19 17:11",FALSE,"Linn County - W03D7-Long Run",6.01,651,01:20:39,151,167,3.5,144,168,13:25:00,10:12:00,"22","22",0.83,11.3,9.5,"331","50.7% L / 49.3% R",0,"0",0,01:20:39,00:00:00,0,00:00:00,"No",00:38:00,8,0,2019-03-05 17:11:00,48300
"210","Running","2/28/19 16:58",FALSE,"Linn County - W02D2-Easy Run",3,304,00:38:22,154,174,3.1,145,164,12:46:00,09:08:00,"3","3",0.87,10.8,9.6,"329","48.2% L / 51.8% R",0,"0",0,NA,00:00:00,0,00:00:00,"No",04:35:00,4,0,2019-02-28 16:58:00,45960
"211","Running","2/26/19 18:07",FALSE,"Linn County Running",3,326,00:40:17,162,176,3.2,144,226,13:25:00,10:34:00,"4","4",0.85,11.1,9.4,"319","50.6% L / 49.4% R",0,"0",0,NA,00:00:00,0,00:00:00,"No",03:16:00,4,0,2019-02-26 18:07:00,48300
"212","Running","2/24/19 15:08",FALSE,"Linn County Running",7.01,787,01:39:55,157,170,3.2,141,256,14:15:00,12:33:00,"36","36",0.81,11.8,9.7,"340","51.3% L / 48.7% R",0,"0",0,01:39:55,00:00:00,0,00:00:00,"No",05:46:00,10,0,2019-02-24 15:08:00,51300
"213","Running","2/19/19 17:09",FALSE,"Linn County Running",2.2,236,00:25:15,173,189,3.5,149,167,11:27:00,09:22:00,"--","7",0.95,10.5,10,"318","50.2% L / 49.8% R",0,"0",0,NA,00:00:00,0,00:00:00,"No",00:20:00,10,0,2019-02-19 17:09:00,41220
"214","Running","2/17/19 14:47",FALSE,"Linn County Running",7.3,758,01:30:22,164,179,3.8,145,226,12:23:00,10:01:00,"29","29",0.9,11.4,10.4,"307","49.9% L / 50.1% R",0,"0",0,01:30:22,00:00:00,0,00:00:00,"No",07:11:00,10,0,2019-02-17 14:47:00,44580
"215","Running","2/13/19 17:57",FALSE,"Linn County Running",3.11,355,00:38:41,164,178,3.7,145,183,12:26:00,08:43:00,"2","7",0.89,11.6,10.5,"319","50.8% L / 49.2% R",0,"0",0,NA,00:00:00,0,00:00:00,"No",05:01:00,4,0,2019-02-13 17:57:00,44760
"216","Running","2/9/19 17:51",FALSE,"Linn County Running",3,324,00:37:13,160,170,3.2,145,167,12:23:00,10:07:00,"5","5",0.9,11.6,10.6,"320","50.7% L / 49.3% R",0,"0",0,NA,00:00:00,0,00:00:00,"No",05:24:00,4,0,2019-02-09 17:51:00,44580
"217","Running","2/2/19 8:33",FALSE,"Linn County Running",13.15,1388,02:26:01,175,186,5,150,178,11:06:00,08:49:00,"232","240",0.96,10.7,10.4,"306","50.1% L / 49.9% R",0,"0",0,02:26:01,00:00:00,0,00:00:00,"No",01:13:00,16,0,2019-02-02 08:33:00,39960
"218","Running","1/29/19 18:11",FALSE,"Linn County Running",3.01,339,00:36:51,168,178,3.6,146,177,12:16:00,08:56:00,"6","6",0.91,11,10.1,"322","51.3% L / 48.7% R",0,"0",0,NA,00:00:00,0,00:00:00,"No",00:00:00,4,0,2019-01-29 18:11:00,44160
"219","Running","1/27/19 19:23",FALSE,"Linn County Running",5.5,570,01:01:35,171,184,4.9,151,168,11:12:00,09:11:00,"14","14",0.96,10.5,10.3,"307","50.1% L / 49.9% R",0,"0",0,01:01:35,00:00:00,0,00:00:00,"No",00:00:00,7,0,2019-01-27 19:23:00,40320
"220","Running","1/22/19 21:47",FALSE,"Linn County Running",4,474,00:49:29,173,180,3.9,148,170,12:22:00,09:18:00,"5","5",0.89,10.9,9.8,"340","49.5% L / 50.5% R",0,"0",0,NA,00:00:00,0,00:00:00,"No",00:00:00,5,0,2019-01-22 21:47:00,44520
"221","Running","1/19/19 15:39",FALSE,"Benton County Running",8.5,905,01:46:54,161,184,3.8,148,171,12:34:00,09:24:00,"628","627",0.87,10.4,9.1,"314","48.9% L / 51.1% R",0,"0",0,01:46:54,00:00:00,0,00:00:00,"No",00:00:00,10,0,2019-01-19 15:39:00,45240
"222","Running","1/17/19 19:02",FALSE,"Linn County Running",3.29,351,00:36:48,170,186,3.9,152,187,11:11:00,08:43:00,"3","3",0.95,10.3,9.8,"313","48.9% L / 51.1% R",0,"0",0,NA,00:00:00,0,00:00:00,"No",00:00:00,8,0,2019-01-17 19:02:00,40260
"223","Running","1/15/19 16:20",FALSE,"Linn County Running",4.13,446,00:51:07,159,178,3.6,146,167,12:23:00,08:39:00,"9","9",0.89,11,9.9,"329","51.9% L / 48.1% R",0,"0",0,NA,00:00:00,0,00:00:00,"No",00:00:00,5,0,2019-01-15 16:20:00,44580
"224","Running","1/13/19 16:31",FALSE,"Linn County Running",6.23,685,01:14:29,167,178,4.1,148,188,11:58:00,10:14:00,"13","18",0.91,10.9,10,"313","50.4% L / 49.6% R",0,"--",0,01:14:29,00:00:00,0,00:00:00,"No",00:00:00,8,0,2019-01-13 16:31:00,43080
"225","Running","1/11/19 16:28",FALSE,"Linn County Running",2,209,00:25:07,146,162,2.8,147,168,12:32:00,10:03:00,"--","6",0.87,10.9,9.5,"325","50.7% L / 49.3% R",0,"0",0,NA,00:00:00,0,00:00:00,"No",00:00:00,3,0,2019-01-11 16:28:00,45120
"226","Running","1/10/19 19:00",FALSE,"Linn County Running",3,328,00:35:39,170,181,3.6,150,164,11:53:00,08:54:00,"--","--",0.91,10.3,9.5,"328","50.2% L / 49.8% R",0,"0",0,NA,00:00:00,0,00:00:00,"No",00:00:00,4,0,2019-01-10 19:00:00,42780
"227","Running","1/8/19 16:28",FALSE,"Linn County Running",4,452,00:48:02,172,184,3.9,148,176,12:01:00,09:15:00,"16","16",0.91,10.8,9.9,"320","49.6% L / 50.4% R",0,"0",0,NA,00:00:00,0,00:00:00,"No",00:00:00,8,0,2019-01-08 16:28:00,43260
"228","Running","1/5/19 9:00",FALSE,"Newport Running",13.28,1444,02:57:55,141,188,4,146,256,13:23:00,09:02:00,"1,088","1,096",0.83,12.9,10.5,"289","50.8% L / 49.2% R",0,"0",0,02:57:55,00:00:00,0,00:00:00,"No",00:00:00,15,0,2019-01-05 09:00:00,48180
"229","Running","1/4/19 12:37",FALSE,"Linn County Running",2,222,00:24:48,156,176,3,146,163,12:24:00,10:46:00,"7","7",0.89,0,0,"--","--",0,"0",0,NA,00:00:00,0,00:00:00,"No",00:00:00,3,0,2019-01-04 12:37:00,44640
"230","Running","1/2/19 19:41",FALSE,"Linn County Running",3,332,00:36:58,159,175,3.4,148,163,12:20:00,11:09:00,"--","3",0.88,0,0,"--","--",0,"0",0,NA,00:00:00,0,00:00:00,"No",00:00:00,4,0,2019-01-02 19:41:00,44400
"231","Running","1/1/19 19:24",FALSE,"Linn County Running",2,169,00:21:44,156,168,1,153,173,10:53:00,08:54:00,"--","--",0.99,11.9,11.9,"275","51.8% L / 48.2% R",0,"0",0,21:44:00,00:00:00,0,00:00:00,"No",00:00:00,2,0,2019-01-01 19:24:00,39180
"232","Running","12/31/18 16:01",FALSE,"Linn County Running",4,447,00:50:08,161,179,3.6,146,163,12:32:00,10:41:00,"5","5",0.88,0,0,"--","--",0,"0",0,NA,00:00:00,0,00:00:00,"No",00:00:00,5,0,2018-12-31 16:01:00,45120
"233","Running","12/29/18 13:03",FALSE,"Linn County Running",6,679,01:16:50,158,177,3.9,144,157,12:48:00,10:32:00,"17","17",0.87,0,0,"--","--",0,"0",0,01:16:50,00:00:00,0,00:00:00,"No",00:00:00,7,0,2018-12-29 13:03:00,46080
"234","Running","12/26/18 15:29",FALSE,"Linn County Running",4.2,472,00:49:50,166,189,4.1,148,163,11:52:00,09:31:00,"20","20",0.92,0,0,"--","--",0,"0",0,NA,00:00:00,0,00:00:00,"No",00:00:00,11,0,2018-12-26 15:29:00,42720
"235","Running","12/24/18 11:57",FALSE,"Linn County Running",4.36,481,00:50:36,164,190,4.2,149,172,11:37:00,07:45:00,"15","15",0.93,0,0,"--","--",0,"0",0,NA,00:00:00,0,00:00:00,"No",00:00:00,5,0,2018-12-24 11:57:00,41820
"236","Running","12/21/18 15:36",FALSE,"Linn County Running",8.11,935,01:45:17,164,177,3.8,144,166,12:59:00,09:59:00,"23","23",0.86,0,0,"--","--",0,"0",0,01:45:17,00:00:00,0,00:00:00,"No",00:00:00,12,0,2018-12-21 15:36:00,46740
"237","Running","12/19/18 15:19",FALSE,"Linn County Running",6,655,01:07:27,165,185,4.6,149,159,11:14:00,09:18:00,"17","17",0.96,0,0,"--","--",0,"0",0,01:07:27,00:00:00,0,00:00:00,"No",00:00:00,11,0,2018-12-19 15:19:00,40440
"238","Running","12/17/18 13:04",FALSE,"Linn County Running",5,524,01:01:50,147,172,3.6,145,158,12:22:00,09:57:00,"18","18",0.89,0,0,"--","--",0,"0",0,01:01:50,00:00:00,0,00:00:00,"No",00:00:00,5,0,2018-12-17 13:04:00,44520
"239","Running","12/14/18 11:46",FALSE,"Lincoln County Running",5,530,01:02:40,153,185,3.9,143,163,12:32:00,10:14:00,"257","260",0.89,0,0,"--","--",0,"0",0,01:02:40,00:00:00,0,00:00:00,"No",00:00:00,6,0,2018-12-14 11:46:00,45120
"240","Running","12/12/18 14:29",FALSE,"Linn County Running",6,696,01:12:12,177,191,5,146,176,12:01:00,08:59:00,"27","27",0.92,12.4,11.5,"311","49.8% L / 50.3% R",0,"0",0,01:12:12,00:00:00,0,00:00:00,"No",00:00:00,7,0,2018-12-12 14:29:00,43260
"241","Running","12/10/18 13:18",FALSE,"Linn County Running",9,991,01:56:14,158,173,4.1,144,214,12:55:00,11:01:00,"35","35",0.87,12.2,10.7,"320","50.2% L / 49.8% R",0,"0",0,01:56:14,00:00:00,0,00:00:00,"No",00:00:00,9,0,2018-12-10 13:18:00,46500
"242","Running","12/5/18 16:36",FALSE,"Linn County Running",6,630,01:15:11,160,170,4,147,173,12:32:00,09:25:00,"7","7",0.88,12.6,11.2,"324","49.5% L / 50.5% R",0,"0",0,01:15:11,00:00:00,0,00:00:00,"No",00:00:00,6,0,2018-12-05 16:36:00,45120
"243","Running","12/3/18 16:49",FALSE,"Linn County Running",5,548,01:02:05,169,183,4.5,147,170,12:25:00,11:09:00,"9","9",0.89,12.9,11.6,"287","50.0% L / 50.0% R",0,"0",0,01:02:05,00:00:00,0,00:00:00,"No",00:00:00,7,0,2018-12-03 16:49:00,44700
"244","Running","12/1/18 16:20",FALSE,"Linn County Running",6,647,01:15:43,165,184,4.3,146,198,12:37:00,09:47:00,"17","16",0.88,12.4,11,"309","50.0% L / 50.0% R",0,"0",0,01:15:43,00:00:00,0,00:00:00,"No",00:00:00,6,0,2018-12-01 16:20:00,45420
"245","Running","11/27/18 16:31",FALSE,"Linn County Running",5,570,01:03:07,168,181,4.4,146,186,12:37:00,10:53:00,"24","24",0.88,12.7,11.3,"325","50.2% L / 49.8% R",0,"0",0,01:03:07,00:00:00,0,00:00:00,"No",00:00:00,5,0,2018-11-27 16:31:00,45420
"246","Running","11/25/18 16:25",FALSE,"Linn County Running",6,659,01:14:44,161,173,4.6,148,179,12:27:00,10:16:00,"20","20",0.87,12.3,10.8,"323","50.1% L / 49.9% R",0,"0",0,01:14:44,00:00:00,0,00:00:00,"No",00:00:00,7,0,2018-11-25 16:25:00,44820
"247","Running","11/20/18 15:28",FALSE,"Linn County Running",5.1,558,01:04:39,162,178,4.1,147,184,12:41:00,06:27:00,"19","19",0.86,12.8,11.1,"326","50.9% L / 49.1% R",0,"0",0,01:04:39,00:00:00,0,00:00:00,"No",00:00:00,6,0,2018-11-20 15:28:00,45660
"248","Running","11/18/18 16:32",FALSE,"Linn County Running",6,666,01:15:36,166,174,4.7,147,169,12:36:00,10:53:00,"13","16",0.87,12.1,10.7,"304","49.9% L / 50.1% R",0,"0",0,01:15:36,00:00:00,0,00:00:00,"No",00:00:00,7,0,2018-11-18 16:32:00,45360
"249","Running","11/16/18 15:49",FALSE,"Linn County Running",6,665,01:15:53,165,176,4.3,147,173,12:39:00,08:10:00,"19","19",0.87,12.5,11,"324","50.1% L / 49.9% R",0,"0",0,01:15:53,00:00:00,0,00:00:00,"No",00:00:00,6,0,2018-11-16 15:49:00,45540
"250","Running","11/13/18 9:58",FALSE,"Linn County Running",8,922,01:41:56,170,182,5,148,186,12:45:00,11:22:00,"40","40",0.86,12.5,10.8,"321","50.5% L / 49.5% R",0,"0",0,01:41:56,00:00:00,0,00:00:00,"No",00:00:00,9,0,2018-11-13 09:58:00,45900
"251","Running","11/11/18 11:58",FALSE,"Linn County Running",2.87,311,00:35:17,161,176,3.5,149,178,12:19:00,10:14:00,"3","3",0.88,12.1,10.9,"315","50.1% L / 49.9% R",0,"0",0,NA,00:00:00,0,00:00:00,"No",00:00:00,3,0,2018-11-11 11:58:00,44340
"252","Running","11/9/18 15:56",FALSE,"Linn County Running",5,561,01:01:54,167,176,4.5,148,159,12:23:00,09:37:00,"19","19",0.88,12,10.7,"323","50.1% L / 49.9% R",0,"0",0,01:01:54,00:00:00,0,00:00:00,"No",00:00:00,5,0,2018-11-09 15:56:00,44580
"253","Running","11/7/18 9:43",FALSE,"Linn County Running",4.3,474,00:53:24,164,185,3.9,149,165,12:26:00,08:44:00,"15","15",0.88,11.9,10.7,"322","50.3% L / 49.7% R",0,"0",0,NA,00:00:00,0,00:00:00,"No",00:00:00,5,0,2018-11-07 09:43:00,44760
"254","Running","11/4/18 15:55",FALSE,"Linn County Running",5,587,01:04:47,171,184,3.7,147,240,12:57:00,11:03:00,"20","20",0.85,12.6,10.9,"327","50.1% L / 49.9% R",0,"0",0,01:04:47,00:00:00,0,00:00:00,"No",00:00:00,5,0,2018-11-04 15:55:00,46620
"255","Running","10/27/18 17:16",FALSE,"Linn County Running",4,423,00:49:49,149,169,3.5,149,189,12:27:00,09:59:00,"22","22",0.87,12.2,10.7,"316","50.3% L / 49.7% R",0,"0",0,NA,00:00:00,0,00:00:00,"No",00:00:00,4,0,2018-10-27 17:16:00,44820
"256","Running","10/24/18 17:36",FALSE,"Linn County Running",6,650,01:11:44,162,182,5,151,166,11:57:00,10:09:00,"17","20",0.89,11.8,10.7,"312","51.1% L / 48.9% R",0,"0",0,01:11:44,00:00:00,0,00:00:00,"No",00:00:00,7,0,2018-10-24 17:36:00,43020
"257","Running","10/22/18 16:51",FALSE,"Linn County Running",7,760,01:30:48,155,172,4.4,148,171,12:59:00,09:35:00,"27","27",0.84,12.3,10.5,"321","50.9% L / 49.1% R",0,"0",0,01:30:48,00:00:00,0,00:00:00,"No",00:00:00,7,0,2018-10-22 16:51:00,46740
"258","Running","10/19/18 18:31",FALSE,"Linn County Running",4,496,00:53:35,181,187,4,144,158,13:24:00,11:25:00,"19","19",0.83,13.3,11.2,"336","50.6% L / 49.4% R",0,"0",0,NA,00:00:00,0,00:00:00,"No",00:00:00,4,0,2018-10-19 18:31:00,48240
"259","Running","10/16/18 17:33",FALSE,"Linn County Running",5,563,01:04:12,163,177,3.7,148,163,12:50:00,09:53:00,"19","28",0.86,12.1,10.5,"325","49.4% L / 50.6% R",0,"0",0,01:04:12,00:00:00,0,00:00:00,"No",00:00:00,5,0,2018-10-16 17:33:00,46200
"260","Running","10/14/18 10:51",FALSE,"Linn County Running",7,759,01:27:17,166,182,1,148,160,12:29:00,10:16:00,"42","42",0.87,12.3,10.8,"300","51.0% L / 49.0% R",0,"0",0,01:27:17,00:00:00,0,00:00:00,"No",00:00:00,7,0,2018-10-14 10:51:00,44940
"261","Running","10/11/18 18:31",FALSE,"Linn County Running",3.32,374,00:39:40,167,180,3.8,150,164,11:57:00,09:35:00,"14","14",0.9,11,10.1,"310","49.8% L / 50.2% R",0,"0",0,NA,00:00:00,0,00:00:00,"No",00:00:00,4,0,2018-10-11 18:31:00,43020
"262","Running","10/10/18 17:21",FALSE,"Linn County Running",5.02,559,01:01:45,161,175,4.1,148,178,12:18:00,10:14:00,"19","19",0.89,12.6,11.3,"317","50.5% L / 49.5% R",0,"0",0,01:01:45,00:00:00,0,00:00:00,"No",00:00:00,6,0,2018-10-10 17:21:00,44280
"263","Running","10/8/18 17:13",FALSE,"Linn County Running",6,625,01:16:56,159,172,3.6,148,213,12:49:00,10:39:00,"16","18",0.86,12.1,10.4,"326","50.0% L / 50.0% R",0,"0",0,01:16:56,00:00:00,0,00:00:00,"No",00:00:00,6,0,2018-10-08 17:13:00,46140
"264","Running","10/4/18 16:30",FALSE,"Linn County Running",3.2,356,00:37:56,165,182,4.1,152,165,11:51:00,10:07:00,"6","10",0.89,11.9,10.6,"313","50.2% L / 49.8% R",0,"0",0,NA,00:00:00,0,00:00:00,"No",00:00:00,4,0,2018-10-04 16:30:00,42660
"265","Running","10/2/18 16:35",FALSE,"Linn County Running",4,441,00:47:30,164,182,4.5,152,172,11:53:00,10:20:00,"13","13",0.89,11.8,10.6,"305","49.9% L / 50.1% R",0,"0",0,NA,00:00:00,0,00:00:00,"No",00:00:00,4,0,2018-10-02 16:35:00,42780
"266","Running","9/30/18 14:41",FALSE,"Linn County Running",5,547,01:03:30,162,177,4.3,149,173,12:42:00,08:09:00,"19","19",0.85,11.8,10.2,"291","51.8% L / 48.2% R",0,"0",0,01:03:30,00:00:00,0,00:00:00,"No",00:00:00,5,0,2018-09-30 14:41:00,45720
"267","Running","9/28/18 11:06",FALSE,"Linn County Running",4,451,00:50:48,164,181,4.2,149,219,12:41:00,08:49:00,"18","18",0.85,11.9,10.3,"325","49.5% L / 50.5% R",0,"0",0,NA,00:00:00,0,00:00:00,"No",00:00:00,5,0,2018-09-28 11:06:00,45660
"268","Running","9/26/18 7:50",FALSE,"Linn County Running",3.1,332,00:40:19,155,174,3.6,149,165,13:00:00,10:56:00,"18","18",0.84,12.3,10.4,"306","51.3% L / 48.7% R",0,"0",0,NA,00:00:00,0,00:00:00,"No",00:00:00,5,0,2018-09-26 07:50:00,46800
"269","Running","9/23/18 19:23",FALSE,"Linn County Running",4.04,441,00:50:12,160,177,5,149,163,12:25:00,09:29:00,"19","19",0.87,11.6,10.2,"318","50.3% L / 49.7% R",0,"0",0,NA,00:00:00,0,00:00:00,"No",00:00:00,5,0,2018-09-23 19:23:00,44700
"270","Running","9/19/18 8:02",FALSE,"Linn County Running",4,445,00:52:00,163,174,5,147,164,13:00:00,10:39:00,"10","10",0.84,12.8,11,"324","50.2% L / 49.8% R",0,"0",0,NA,00:00:00,0,00:00:00,"No",00:00:00,4,0,2018-09-19 08:02:00,46800
"271","Running","9/15/18 9:19",FALSE,"Linn County Running",1.65,162,00:28:04,132,182,3.3,133,176,16:59:00,08:11:00,"--","--",0.82,10.1,8.6,"304","48.5% L / 51.5% R",0,"0",0,NA,00:00:00,0,00:00:00,"No",00:00:00,8,0,2018-09-15 09:19:00,61140
"272","Running","9/6/18 19:24",FALSE,"Linn County Running",4,432,00:49:43,162,181,5,151,171,12:26:00,10:29:00,"16","18",0.86,11.8,10.2,"305","50.6% L / 49.4% R",0,"0",0,NA,00:00:00,0,00:00:00,"No",00:00:00,4,0,2018-09-06 19:24:00,44760
"273","Running","9/4/18 19:47",FALSE,"Linn County Running",4,461,00:50:56,167,178,5,150,165,12:44:00,10:12:00,"24","17",0.86,11.1,9.6,"316","51.2% L / 48.8% R",0,"0",0,NA,00:00:00,0,00:00:00,"No",00:00:00,5,0,2018-09-04 19:47:00,45840
"274","Running","8/8/18 19:53",FALSE,"Linn County Running",4.01,453,00:50:52,168,178,1.2,149,197,12:41:00,11:09:00,"20","22",0.85,10.9,9.5,"303","50.4% L / 49.6% R",0,"0",0,NA,00:00:00,0,00:00:00,"No",00:00:00,5,0,2018-08-08 19:53:00,45660
"275","Running","8/1/18 20:05",FALSE,"Linn County Running",4.01,444,00:50:07,163,175,5,149,162,12:30:00,09:51:00,"5","5",0.87,11.4,10.1,"323","50.0% L / 50.0% R",0,"0",0,NA,00:00:00,0,00:00:00,"No",00:00:00,5,0,2018-08-01 20:05:00,45000
"276","Running","7/9/18 20:44",FALSE,"Linn County Running",4,432,00:48:46,162,178,4.1,150,211,12:11:00,10:27:00,"16","16",0.88,12,10.7,"310","50.3% L / 49.7% R",0,"0",0,NA,00:00:00,0,00:00:00,"No",00:00:00,5,0,2018-07-09 20:44:00,43860
"277","Running","7/7/18 20:46",FALSE,"Linn County Running",4.01,449,00:47:03,174,191,4.8,151,169,11:44:00,09:57:00,"14","14",0.91,11.2,10.3,"313","50.1% L / 49.9% R",0,"0",0,NA,00:00:00,0,00:00:00,"No",00:00:00,5,0,2018-07-07 20:46:00,42240
"278","Running","7/2/18 10:28",FALSE,"Linn County Running",4,442,00:48:47,165,178,4.3,151,174,12:12:00,08:54:00,"16","16",0.88,11.8,10.5,"307","50.0% L / 50.0% R",0,"0",0,NA,00:00:00,0,00:00:00,"No",00:00:00,4,0,2018-07-02 10:28:00,43920
"279","Running","6/30/18 8:36",FALSE,"Linn County Running",4,450,00:49:24,168,181,4.4,152,169,12:20:00,10:27:00,"19","19",0.86,12,10.5,"307","50.5% L / 49.5% R",0,"0",0,NA,00:00:00,0,00:00:00,"No",00:00:00,5,0,2018-06-30 08:36:00,44400
"280","Running","6/28/18 17:02",FALSE,"Linn County Running",4,454,00:49:03,170,183,4.5,151,167,12:16:00,09:55:00,"9","9",0.88,11.7,10.4,"306","49.4% L / 50.6% R",0,"0",0,NA,00:00:00,0,00:00:00,"No",00:00:00,4,0,2018-06-28 17:02:00,44160
"281","Running","6/25/18 19:30",FALSE,"Linn County Running",4,445,00:47:54,171,182,4.3,151,171,11:58:00,10:03:00,"17","17",0.89,11.6,10.4,"313","49.4% L / 50.6% R",0,"0",0,NA,00:00:00,0,00:00:00,"No",00:00:00,4,0,2018-06-25 19:30:00,43080
"282","Running","6/21/18 21:04",FALSE,"Linn County Running",4.01,427,00:46:53,161,179,4.2,153,167,11:42:00,09:18:00,"18","18",0.9,0,0,"--","--",0,"0",0,NA,00:00:00,0,00:00:00,"No",00:00:00,5,0,2018-06-21 21:04:00,42120
"283","Running","6/18/18 9:27",FALSE,"Linn County Running",4,473,00:50:10,174,186,4.4,149,213,12:32:00,11:14:00,"10","9",0.87,12.5,11,"313","50.3% L / 49.7% R",0,"0",0,NA,00:00:00,0,00:00:00,"No",00:00:00,5,0,2018-06-18 09:27:00,45120
"284","Running","6/12/18 10:49",FALSE,"Linn County Running",4,467,00:50:02,170,186,4.1,147,187,12:31:00,11:03:00,"19","19",0.87,12.4,10.9,"320","49.7% L / 50.3% R",0,"0",0,NA,00:00:00,0,00:00:00,"No",00:00:00,4,0,2018-06-12 10:49:00,45060
"285","Running","6/9/18 20:43",FALSE,"Linn County Running",2.07,223,00:24:44,159,179,3.1,151,179,11:55:00,10:03:00,"--","--",0.9,11.6,10.5,"316","50.2% L / 49.8% R",0,"0",0,NA,00:00:00,0,00:00:00,"No",00:00:00,3,0,2018-06-09 20:43:00,42900
"286","Running","6/2/18 20:34",FALSE,"Linn County Running",4,458,00:48:17,164,182,4.2,151,164,12:04:00,10:20:00,"22","22",0.89,11.4,10.3,"312","49.8% L / 50.2% R",0,"0",0,NA,00:00:00,0,00:00:00,"No",00:00:00,5,0,2018-06-02 20:34:00,43440
"287","Running","5/31/18 9:10",FALSE,"Linn County Running",3.09,132,00:39:48,150,164,2.1,150,176,12:52:00,09:35:00,"15","15",0.85,11.8,10.1,"313","48.9% L / 51.1% R",0,"0",0,NA,00:00:00,0,00:00:00,"No",00:00:00,4,0,2018-05-31 09:10:00,46320
"288","Running","5/29/18 7:35",FALSE,"Linn County Running",4,425,00:47:34,158,174,4,152,163,11:53:00,07:42:00,"19","19",0.89,11.5,10.4,"310","49.8% L / 50.2% R",0,"0",0,NA,00:00:00,0,00:00:00,"No",00:00:00,5,0,2018-05-29 07:35:00,42780
"289","Running","5/24/18 20:01",FALSE,"Linn County Running",4,453,00:47:46,171,183,4.5,150,219,11:57:00,09:39:00,"19","19",0.9,11.1,10.1,"313","49.7% L / 50.3% R",0,"0",0,NA,00:00:00,0,00:00:00,"No",00:00:00,4,0,2018-05-24 20:01:00,43020
"290","Running","5/21/18 20:06",FALSE,"Linn County Running",3.01,345,00:35:39,172,185,4,151,170,11:51:00,09:47:00,"6","6",0.9,10.6,9.6,"327","52.0% L / 48.0% R",0,"0",0,NA,00:00:00,0,00:00:00,"No",00:00:00,4,0,2018-05-21 20:06:00,42660
"291","Running","5/19/18 19:18",FALSE,"Linn County Running",4,424,00:46:02,162,179,4.2,153,166,11:30:00,10:29:00,"21","21",0.92,10.2,9.5,"326","50.1% L / 49.9% R",0,"0",0,NA,00:00:00,0,00:00:00,"No",00:00:00,4,0,2018-05-19 19:18:00,41400
"292","Running","5/16/18 7:37",FALSE,"Linn County Running",2,221,00:25:14,156,170,3.2,151,166,12:37:00,10:05:00,"3","--",0.88,11.4,10.2,"322","50.2% L / 49.8% R",0,"0",0,NA,00:00:00,0,00:00:00,"No",00:00:00,2,0,2018-05-16 07:37:00,45420
"293","Running","5/13/18 18:51",FALSE,"Linn County Running",4,443,00:46:50,171,185,4.8,151,193,11:42:00,10:20:00,"20","20",0.91,11,10.2,"298","49.3% L / 50.7% R",0,"0",0,NA,00:00:00,0,00:00:00,"No",00:00:00,5,0,2018-05-13 18:51:00,42120
"294","Running","5/10/18 19:53",FALSE,"Linn County Running",3.03,323,00:36:47,158,178,3.8,151,162,12:09:00,09:24:00,"--","--",0.88,10.6,9.4,"292","52.0% L / 48.0% R",0,"0",0,NA,00:00:00,0,00:00:00,"No",00:00:00,4,0,2018-05-10 19:53:00,43740
"295","Running","5/5/18 19:04",FALSE,"Linn County Running",4,410,00:46:15,173,185,4.4,151,172,11:34:00,09:33:00,"15","17",0.92,10.3,9.7,"292","50.3% L / 49.7% R",0,"0",0,NA,00:00:00,0,00:00:00,"No",00:00:00,4,0,2018-05-05 19:04:00,41640
"296","Running","4/30/18 17:49",FALSE,"Linn County Running",4,449,00:47:29,175,184,5,151,190,11:52:00,10:12:00,"18","18",0.9,10.6,9.7,"298","50.9% L / 49.1% R",0,"0",0,NA,00:00:00,0,00:00:00,"No",00:00:00,5,0,2018-04-30 17:49:00,42720
"297","Running","4/26/18 19:03",FALSE,"Linn County Running",3.01,333,00:37:21,170,185,3.9,148,161,12:25:00,10:48:00,"2","3",0.88,11.6,10.3,"299","47.8% L / 52.2% R",0,"0",0,NA,00:00:00,0,00:00:00,"No",00:00:00,4,0,2018-04-26 19:03:00,44700
"298","Running","4/23/18 19:27",FALSE,"Linn County Running",3.01,337,00:37:05,172,188,4,149,183,12:20:00,10:43:00,"4","4",0.89,11.2,10.1,"325","49.5% L / 50.5% R",0,"0",0,NA,00:00:00,0,00:00:00,"No",00:00:00,4,0,2018-04-23 19:27:00,44400
"299","Running","4/20/18 19:14",FALSE,"Linn County Running",3.05,314,00:37:12,169,183,1,150,233,12:11:00,08:54:00,"3","3",0.9,10.8,9.8,"317","49.8% L / 50.2% R",0,"0",0,NA,00:00:00,0,00:00:00,"No",00:00:00,4,0,2018-04-20 19:14:00,43860
"300","Running","4/18/18 19:17",FALSE,"Linn County Running",3.01,336,00:35:47,173,187,4.3,151,175,11:54:00,09:11:00,"3","3",0.9,10.6,9.7,"308","50.9% L / 49.1% R",0,"0",0,NA,00:00:00,0,00:00:00,"No",00:00:00,4,0,2018-04-18 19:17:00,42840
"301","Running","4/13/18 9:48",FALSE,"Linn County Running",3,375,00:36:45,181,191,4.9,150,176,12:14:00,09:47:00,"3","3",0.88,11.5,10.3,"294","47.4% L / 52.6% R",0,"0",0,NA,00:00:00,0,00:00:00,"No",00:00:00,4,0,2018-04-13 09:48:00,44040
"302","Running","4/10/18 8:21",FALSE,"Linn County Running",3.2,376,00:39:50,168,187,4.1,149,173,12:28:00,09:06:00,"4","4",0.87,11.3,10,"287","49.6% L / 50.4% R",0,"0",0,NA,00:00:00,0,00:00:00,"No",00:00:00,4,0,2018-04-10 08:21:00,44880
"303","Running","3/30/18 15:18",FALSE,"Linn County Running",2.36,314,00:31:29,172,185,3.8,146,256,13:22:00,10:39:00,"--","4",0.86,11.8,10.2,"312","50.0% L / 50.0% R",0,"0",0,NA,00:00:00,0,00:00:00,"No",00:00:00,3,0,2018-03-30 15:18:00,48120
